1798 3102 2995
2235 1197 1608
3193 1614 1268
1878 1405 286
2130 396 1950
3270 1357 1160
1250 2145 2123
2123 2145 3491
1368 1250 1205
2145 1250 1368
1714 3491 2277
3589 3491 1714
2972 3016 2604
3024 1368 1205
509 2099 3381
3381 3184 509
3184 1077 509
509 1077 3906
1397 1873 2348
3193 1268 2692
748 3273 182
1888 2116 3115
3925 1888 3196
1356 3816 1791
1791 3816 611
611 1405 1791
611 286 1405
2552 1402 533
2308 1120 217
1208 3701 10
2693 3154 2098
3228 2217 450
970 1966 53
970 2300 1966
2763 1256 3071
1197 2235 2149
2149 3270 1197
1160 1357 110
1357 671 1487
2277 3491 11
11 3491 2145
11 1714 2277
1298 3589 2175
2175 1608 1298
2175 2235 1608
148 2175 3589
671 2175 148
148 1487 671
169 2484 3136
2474 1250 2123
2123 3016 2474
3894 2221 3022
1131 2763 3071
1873 1397 1778
1155 1268 1614
515 1634 400
3439 669 3115
3115 2116 3439
510 669 3439
3712 3564 3792
1990 3273 1529
1990 182 3273
824 465 709
1794 576 1691
1670 576 1794
2658 3178 2753
1648 2753 3178
2112 1888 3925
690 3196 2634
3115 669 2634
669 690 2634
2634 1888 3115
2634 3196 1888
591 3196 690
3821 591 549
3196 591 3821
3925 3196 1797
3196 3821 1797
1797 3260 1301
1797 3821 3260
1301 3260 3332
3925 59 314
314 2383 3925
314 59 473
3312 669 510
879 1985 2176
2176 1985 510
706 1402 2552
2245 1402 706
706 349 2245
2521 2177 326
1591 326 2177
3703 326 1591
2552 533 311
3526 714 311
2040 949 3163
2040 3163 3476
1120 2359 332
332 2066 3676
332 2359 2066
617 3303 3329
3329 3303 133
133 2033 3329
3303 3120 133
3034 2033 133
133 3120 3034
1642 1208 10
3503 2225 3701
3701 1208 3503
1208 1642 2640
3676 2066 3964
1978 3894 3022
1095 1337 1188
71 450 3217
1966 3232 2907
2378 2379 1907
761 674 1933
1701 674 526
526 798 1701
1701 798 2222
53 2217 3679
3679 970 53
3679 2217 3228
668 2941 2300
1685 1404 87
741 1875 2296
2985 1692 1635
935 3602 3634
3634 3602 3782
3801 3602 935
1736 3602 3801
3936 2234 1066
1820 3984 1651
1651 1774 1820
3697 2582 490
260 2830 324
3287 3697 490
2497 3697 3287
1357 3270 3331
3331 2149 1357
3270 2149 3331
2099 509 3890
1755 3698 3119
3119 3698 711
3502 3698 1755
2430 3308 3828
2469 2152 3828
3828 2152 2430
2974 221 3462
221 517 3462
3462 3119 2974
1755 3119 3462
221 1596 2707
2707 517 221
2707 1204 517
720 344 2825
95 221 2974
353 95 2974
2145 1368 3134
3134 11 2145
3589 1714 3079
3079 148 3589
1714 11 3384
3384 3079 1714
2235 2175 1366
1366 2175 671
1366 2149 2235
1366 671 1357
1357 2149 1366
1809 148 1505
1487 148 1809
1505 3024 1809
3540 301 3047
3136 2484 2115
2115 2484 337
2484 169 3153
2675 2433 2505
1014 3088 975
1205 1250 975
3694 3016 2972
2972 3673 3694
328 2675 3485
1878 286 3485
3485 611 328
286 611 3485
850 1405 1878
1865 927 3099
2704 927 564
839 3723 1776
2221 2004 2065
3022 2221 2065
1862 3135 1187
1697 494 959
76 494 1697
535 2822 2395
535 3336 2822
2395 903 535
903 3336 535
610 3336 3912
2191 1983 1535
1530 1535 877
3489 3198 1611
2191 1013 3926
3926 3860 2191
3060 3860 3926
3060 3926 2748
767 3519 3186
767 2664 3519
3835 70 1870
1870 2584 3835
3498 798 526
2230 1068 1156
3997 1131 3247
2763 1131 3997
1256 2763 3997
1251 2586 689
1729 1131 3071
3071 2222 1729
2222 3226 1729
1058 1633 607
3330 3607 631
631 607 1633
631 3607 560
560 607 631
3824 1633 1058
3252 3456 738
2052 738 853
853 738 3456
493 636 2635
2613 3336 903
3912 3336 2613
620 3966 2524
805 3413 1407
1407 3413 381
1407 1915 805
3008 3101 2893
3981 2748 1058
1058 607 3981
1543 1829 2000
384 2434 2555
2555 520 384
2555 1543 2000
2434 1543 2555
2495 1562 2871
384 520 2871
2871 1562 384
2852 1793 1221
3340 1692 2985
3340 2984 1692
1697 1819 58
58 1172 1697
58 1819 1831
3622 3893 2031
2031 2008 3622
3893 3992 2031
3622 2008 1650
909 1778 2536
2348 1873 1800
3193 2692 1800
2005 3555 2348
3205 2692 1268
1268 1155 3205
3438 2692 3205
3205 1167 3438
3205 1155 3255
3255 1167 3205
3458 1619 649
1928 1155 3829
1614 1619 3829
3829 1155 1614
1619 3458 3829
3829 3458 1986
72 654 2291
2945 146 1939
1939 146 2241
3370 2291 2951
2951 2291 654
1798 2995 3518
2995 2804 3518
3518 898 1798
2194 3192 3869
2677 1449 604
3377 758 1438
1257 758 1740
363 1449 2677
1137 363 2780
3681 892 2903
477 3712 3792
3125 3712 477
2903 892 1186
1186 802 2903
1570 802 1186
1570 477 2561
2710 3320 3942
3942 3856 2710
3125 3856 3942
3323 77 1681
1689 2710 2927
2710 3856 2927
2927 477 1689
2927 3856 3125
3125 477 2927
1073 3320 2710
1073 3323 3320
77 3323 1073
3218 715 1310
1310 118 3218
812 118 1310
3490 715 842
842 715 816
816 3323 842
3320 3323 816
3218 3320 816
816 715 3218
549 591 544
544 591 690
497 449 155
694 2467 1824
1824 497 694
449 497 1824
3454 449 1824
2076 3957 3691
1541 449 3454
155 449 1541
312 3273 748
748 3295 312
3265 19 808
909 1529 1991
304 3555 1871
182 1990 2054
1457 1691 576
2389 2675 328
1746 2028 2629
3959 353 1286
1286 353 1381
1286 782 2740
1381 782 1286
1794 1691 382
1444 140 2583
1444 1286 2740
1444 2583 3959
3959 1286 1444
2583 140 463
709 465 2700
576 1670 2493
2383 314 3271
3175 2383 3271
3774 1670 1794
1091 2522 3175
2753 1648 3642
3175 3271 3642
3642 3271 2753
3642 1091 3175
1648 1091 3642
1512 3774 2252
2658 824 3010
3925 2383 3747
3747 2112 3925
1954 2112 3747
3175 2522 3747
3747 2383 3175
2116 1888 1825
1888 2112 1825
3909 1797 1301
1301 3332 3909
473 59 3909
510 1985 3819
3819 3312 510
1985 3312 3819
2205 2041 51
3529 3808 3537
3537 3808 2180
2180 3808 3975
3012 2180 3975
3975 1604 3012
3094 2041 2205
2203 2580 2989
409 2828 3903
409 2186 2127
3903 2186 409
2127 2186 2104
2104 2186 2507
2104 1215 2127
723 2186 3903
1572 679 2130
1572 752 679
1572 2130 1950
2507 2186 2501
1138 1115 369
1138 369 3347
3347 369 2836
3903 2828 3347
3347 2836 3903
3368 3650 3526
2212 3650 3368
3368 256 2212
3850 714 3526
256 3368 3138
508 1027 475
3267 1027 508
267 2743 971
3372 3151 3123
3804 3176 2743
3804 3123 3151
1015 1739 2910
2849 765 2013
2086 3233 3261
3574 1480 3261
3261 3233 3574
1108 584 1547
1120 1621 104
104 2359 1120
1450 2373 667
303 383 82
667 154 82
82 1450 667
383 323 2767
3574 82 2767
2767 82 383
52 3870 3680
498 52 3637
3637 52 3680
3680 662 3637
584 323 3637
3637 662 584
2521 326 2302
2177 1739 258
258 1591 2177
1749 1591 258
1513 2910 1294
1294 2910 1739
1830 3593 930
992 750 3412
3412 3664 992
992 3664 3207
1628 663 2703
1460 311 714
714 3850 297
1364 1219 1133
1219 421 1133
3085 3163 2293
2293 421 3085
2293 1133 421
919 1918 2003
2223 3163 1196
2223 3476 3163
3476 2223 2193
2003 1885 2381
2381 919 2003
1804 919 2381
735 2193 1804
3476 2193 735
356 441 1303
1987 3411 3695
1987 3138 356
1938 3267 3695
1027 3267 1938
1805 475 1027
1027 1938 1805
3695 3411 1805
1805 1938 3695
3207 3664 3353
3353 1093 578
3353 578 1547
1547 584 3353
584 662 3353
1466 428 1093
1093 3353 1466
1466 3353 3664
1466 3664 3412
2475 3233 2086
3421 3233 2475
2475 2986 472
3058 2475 472
3421 2475 3058
3641 617 3329
3553 617 3641
3641 2739 3553
3871 617 830
3931 3120 3303
2756 561 2033
729 2033 3034
1979 3503 1208
1208 2640 1979
2640 729 1979
2225 3503 1979
1979 729 2225
3154 3991 1080
1080 2098 3154
845 1805 3411
3676 3964 693
693 332 3676
693 217 1120
1120 332 693
3034 1388 1372
1372 729 3034
2225 729 1372
3701 2225 1372
1372 1388 3882
1580 3931 3882
3034 3120 1580
3120 3931 1580
2143 617 3871
3303 617 2143
2143 3931 3303
1638 3931 2143
22 1675 3081
3081 1045 22
1337 1675 22
2735 2525 2983
3217 2379 206
2379 2378 3746
3746 2378 1095
1095 1188 3194
3299 1538 677
2290 3932 3362
2681 1068 2230
2230 3498 2681
67 2222 3071
67 1701 2222
3071 1256 67
1933 674 78
674 1701 78
1701 67 78
78 67 1256
2941 668 3392
3392 761 1933
2760 761 3392
2300 970 2857
2857 668 2300
3633 3918 1051
1051 3966 3899
3899 3633 1051
2547 3966 620
3690 3899 2547
2547 3899 3966
3921 2084 3210
2084 1520 3210
3426 1759 1433
916 103 787
1316 77 86
1681 77 1316
1316 916 1681
883 1404 120
883 3416 1404
1712 741 1972
741 2296 1972
1972 987 1712
1712 987 939
1452 1246 1762
2288 1762 2153
2153 1762 1246
1246 568 2153
2153 568 2238
2238 3280 910
50 1762 2288
710 372 2205
583 372 710
2205 51 710
3977 3602 1736
1736 2439 3977
3782 3602 3977
1051 3918 3069
1158 742 3069
3069 3966 1051
3069 742 3966
1283 3801 935
62 2439 1736
1736 3936 62
62 3936 1066
2575 3936 1531
1531 3936 3976
444 3062 2001
1962 1259 867
867 1259 2798
1022 2197 1565
1565 2197 1744
1502 717 244
244 1993 1502
1502 1993 722
1502 481 3375
722 481 1502
1826 511 3230
2572 2577 3715
173 3716 2513
1820 1774 2723
2582 3697 1241
1241 3697 2497
1396 1215 2582
806 3554 594
2572 1253 2542
2542 2577 2572
1380 509 3906
1380 3890 509
1380 1077 1160
3906 1077 1380
3838 886 1741
1148 886 3838
1832 886 1148
3861 3838 736
3861 2228 3838
3443 2877 3779
1487 2877 3443
842 3323 29
29 3502 842
3698 3502 29
2974 3119 1932
1932 3119 1185
208 1596 221
221 3957 208
2076 1596 208
208 3957 2076
1105 3691 3598
3598 3691 3957
3374 3957 221
221 95 3374
344 3598 3374
3374 3598 3957
846 3502 1755
1755 3462 846
846 3462 517
1525 388 1561
388 782 1561
1561 782 683
178 782 1381
683 782 178
2310 353 3959
95 353 2310
686 353 2974
1185 178 686
1381 353 686
686 178 1381
11 3134 3785
3785 3384 11
1368 3024 3785
3785 3134 1368
3785 3024 1505
2964 1809 3024
2964 3024 1205
1205 975 2964
2964 975 3088
2171 3861 736
3308 597 3470
3308 3470 732
732 3470 301
2792 337 1525
3047 337 2792
2792 2361 3047
3351 3540 3047
3047 2361 3351
637 337 3047
2719 3485 3220
2675 2505 3220
3220 3485 2675
2788 3153 169
169 1398 2788
2788 1398 1486
2741 3088 1014
3451 3485 2719
3451 2719 2686
2686 3735 3451
1865 3159 1201
927 1865 1201
564 927 1201
1201 2174 564
700 1170 309
3099 927 3505
927 2704 3505
726 1783 702
3723 839 3221
3221 839 2870
700 2174 1577
54 2004 2221
2221 3894 54
54 919 2004
1918 919 54
2003 1918 54
1297 2065 2004
1297 919 2109
2004 919 1297
2109 1593 1297
1593 2065 1297
2809 839 1776
2870 839 2809
1006 2879 2070
2070 1577 1006
275 1170 2070
2070 2879 275
2070 1170 700
700 1577 2070
538 3433 275
275 2879 538
2307 540 191
191 2426 794
3961 1983 1556
1983 1328 1556
3028 1870 2664
2584 1870 3028
3381 2099 1491
1491 3184 3381
3599 1913 1496
2181 3982 2859
2717 70 2181
70 3982 2181
2494 3970 166
1062 1896 2859
1062 3982 3406
2859 3982 1062
3198 3489 3322
1162 1328 1983
1162 1037 1328
1058 2748 2570
2570 2748 3926
2570 3824 1058
3014 1845 272
3014 1401 97
97 1845 3014
429 3726 1669
993 1406 1669
2226 3726 429
429 1989 2226
2226 97 1401
1845 97 2226
2627 1845 2226
2226 1989 2627
3519 2664 688
688 1401 3519
2664 1870 688
688 2226 1401
3726 2226 688
2930 3498 526
2930 2681 3498
798 3498 435
435 1156 798
435 3498 2230
2230 1156 435
3514 3997 3247
239 1251 1003
1003 1251 150
3644 1251 239
2586 1251 3644
3644 3309 2586
239 3044 3644
3644 3044 3309
3247 1937 1549
1549 1251 689
1251 1549 3575
3575 1549 1937
2649 1729 3226
2649 1003 150
3226 1354 2649
1354 1003 2649
1785 1156 31
31 1354 1785
2222 798 1785
798 1156 1785
1785 3226 2222
1785 1354 3226
3110 1453 2904
2904 1453 2586
2586 3309 2167
2167 2904 2586
3110 2904 2167
253 2327 3080
3410 3044 3932
3309 3044 3410
2048 636 728
728 903 2395
728 1281 903
3760 636 2048
3330 631 3084
3084 631 1633
1633 3824 3084
32 3084 3824
32 3824 3186
32 2548 2052
3186 3519 32
3519 2548 32
3519 1401 2589
2589 2548 3519
2052 2548 3944
3944 738 2052
628 853 3456
628 3607 3330
628 3456 3607
636 493 3212
1281 728 3212
3212 728 636
493 2613 1199
1281 3212 1199
1199 3212 493
903 1281 1199
1199 2613 903
3893 3636 159
3636 1223 159
2893 1025 3036
3036 3008 2893
2387 381 2893
2387 2558 381
3955 1407 381
1915 1407 3955
3814 2558 3101
2599 3955 3814
381 2558 3814
3814 3955 381
3814 1543 2599
1829 1543 3814
2029 1562 2495
1382 2871 520
2931 2656 3048
1492 3955 2599
1915 3955 1492
3607 3456 1126
1126 1563 3607
3032 2084 2368
1315 2613 1383
1383 2613 493
2495 2871 2254
2254 660 2495
403 3340 2985
614 2932 3568
2620 540 2307
825 3682 1179
2307 191 1040
1040 191 794
2573 3992 3893
2156 1529 909
909 2536 2156
1607 1778 1397
1607 2536 1778
1607 1397 2348
2348 3555 1607
2348 1800 3969
3969 1800 2428
3969 2005 2348
2428 2005 3969
2499 1873 3193
3193 1800 2499
2499 1800 1873
2961 2692 3438
2961 1800 2692
2428 1800 2961
3438 1167 2961
2961 2005 2428
1048 146 3555
3555 2005 1048
2241 146 1048
3290 1048 2005
2005 2961 3290
3290 2961 1167
649 1305 1320
1320 3458 649
1986 3458 1320
72 515 3677
3677 515 400
262 3418 537
151 515 72
72 2291 151
151 2291 3370
3370 1634 151
1634 515 151
537 3418 527
527 2134 537
527 3418 942
942 2134 527
427 2134 942
942 2355 427
1798 898 3428
1229 3182 898
1100 1137 2780
1764 3067 2454
2454 329 98
685 878 2481
1261 3067 1764
1261 878 3067
1764 945 1261
2057 878 685
1630 945 1764
1764 2454 1630
1630 2454 98
3258 1155 1928
3255 1155 3258
2891 3258 1928
399 3258 2891
3471 1167 3255
3255 3258 3471
3471 3258 399
1099 1448 2854
298 2897 1810
3272 115 3295
831 2194 3390
3390 106 831
1336 106 3390
3251 1871 367
2945 3192 367
367 1871 3555
367 146 2945
3555 146 367
1438 758 1889
1889 3067 2447
2447 604 1889
1889 1449 1438
1889 604 1449
510 3439 1136
2782 2176 510
2782 3670 2176
510 1136 2782
1225 1740 758
758 3377 1225
1449 363 3851
3851 1137 3039
363 1137 3851
1438 2758 474
1704 2758 1438
2576 363 2677
2780 363 2576
2903 1893 2538
2538 3681 2903
2885 86 1171
86 1917 1171
1600 1893 2903
2903 802 1600
802 3106 2853
2565 892 1689
2565 1186 892
1689 477 2565
2565 477 1570
1570 1186 2565
257 477 3792
3792 2561 257
257 2561 477
2688 2642 701
701 3552 2688
770 86 2885
2885 2642 770
2314 3320 3218
2314 3942 3320
3218 118 2314
3125 3942 2314
418 1073 2710
418 2710 1689
418 1917 86
1689 892 418
892 1917 418
86 77 418
77 1073 418
3625 1596 2076
3625 2707 1596
1204 2707 3625
3625 994 1204
2463 1310 715
812 1310 2463
3454 812 2463
1269 1204 469
1204 994 469
118 646 2449
3125 2314 2449
2449 2314 118
2449 3712 3125
1841 646 118
2455 754 2467
2455 2467 694
2466 879 2341
879 2466 827
827 2466 3259
2872 3312 1985
2872 1985 879
669 3312 2872
879 827 2872
2872 690 669
2872 544 690
922 1824 2467
2467 754 922
922 812 3454
3454 1824 922
754 1841 922
922 118 812
922 1841 118
270 3738 3350
1498 2154 951
951 2154 3260
951 486 1498
3260 3821 951
951 3821 549
212 1267 951
549 544 951
3295 115 1519
909 1991 74
2207 3185 3295
748 182 2207
2207 3295 748
3295 3185 1393
3563 3272 1393
1393 3272 3295
1393 2510 3563
3185 2207 3103
3103 1393 3185
2510 1393 3103
3103 2194 831
831 2510 3103
125 19 3265
3265 1457 125
125 1457 2420
1922 1457 576
2420 1457 1922
1031 1314 746
1898 1356 2629
1332 1898 2838
2028 1746 3346
3346 1746 3685
3959 2583 3472
3256 382 1691
3256 1457 3265
1691 1457 3256
3256 676 382
3265 808 3256
808 676 3256
196 388 1525
2484 3118 196
1525 337 196
337 2484 196
3745 3153 3509
2484 3153 3745
818 2700 465
465 824 818
1722 525 1373
1569 525 1722
2942 2571 2281
473 3738 3845
3845 3738 2281
2281 2571 3845
3350 3738 545
545 3738 473
473 3909 545
545 3909 3332
2934 1758 1035
417 1548 1035
1035 1548 2934
1726 3774 1794
1853 3774 1726
1794 382 1726
382 676 1726
3243 1853 1726
1726 676 3243
1648 3010 633
3070 1648 3178
3070 3010 1648
3070 3178 2658
2658 3010 3070
3355 2493 1670
1670 3010 3355
3355 3010 824
3355 824 709
709 1922 3355
576 2493 3355
3355 1922 576
3925 1797 2037
1797 3909 2037
2037 59 3925
2037 3909 59
2341 879 3849
3849 1112 2341
1901 3849 879
1112 3849 1901
1075 1112 2110
1112 1901 2110
2176 2247 2110
879 2176 2110
2110 1901 879
3342 51 3012
3342 710 51
1107 3177 1536
3529 3537 325
325 3537 2180
3877 2746 3245
2319 3877 1053
3877 3245 1053
1053 3245 434
1289 2989 3764
3764 2989 85
3934 3877 2846
2846 3877 2319
2203 2989 3013
3013 3510 2257
228 2989 2580
111 3013 2257
3277 1483 2866
163 2866 1553
396 2130 2354
3674 1411 396
396 2354 3674
1975 409 2127
405 409 1975
2127 1215 1975
1215 405 1975
752 1572 3050
2186 723 1309
1309 2501 2186
3903 2836 1309
1309 723 3903
1744 2197 1192
432 1278 622
3526 3650 1761
2569 3850 3526
3526 1761 2569
1665 533 1402
1665 441 533
1402 1621 1665
2308 1303 1665
1665 1303 441
1665 1120 2308
1665 1621 1120
1768 311 533
3526 311 1768
508 475 2365
475 1805 2365
3420 3267 508
275 1883 3463
3463 1883 2078
3463 1170 275
2078 309 3463
3463 309 1170
3388 1883 162
2078 1883 3388
162 971 3388
3388 971 2078
2697 1883 275
3187 3372 2683
3372 3441 2683
1125 3512 3131
3372 2697 1193
1019 2849 3548
3404 3372 3187
3404 3151 3372
1065 3404 3187
2388 3404 1065
2010 1294 3176
1513 1294 2010
1815 3123 162
3372 3123 1815
1815 2697 3372
162 1883 1815
1883 2697 1815
1643 971 162
162 3123 1643
3123 3804 1643
2402 3804 3151
3151 3404 2402
2402 3404 2388
3176 3804 2402
2402 2010 3176
2388 2010 2402
1145 3870 3207
3207 3353 1145
1145 3353 662
3680 3870 1145
1145 662 3680
189 1480 1212
189 3261 1480
1212 0 189
189 0 2086
2086 3261 189
3727 323 584
2245 419 2639
2639 1402 2245
2639 1621 1402
1329 104 1621
154 104 1329
1621 2639 1329
1329 419 154
1329 2639 419
2322 2359 355
2359 104 355
807 154 667
807 104 154
254 3233 3421
3421 1450 254
3574 3233 254
254 82 3574
1450 82 254
2373 1450 577
577 1450 3421
3421 3058 577
2322 2373 577
577 2359 2322
577 3058 472
303 795 1288
498 3637 1288
1288 3637 323
1288 383 303
1288 323 383
2245 349 3720
3870 52 3654
3654 52 498
795 3720 1011
795 1011 653
653 3720 349
653 1011 3720
2408 653 349
2528 326 3703
3703 2302 2528
2528 2302 326
225 258 1739
225 1739 1015
225 750 1749
1749 258 225
2285 3862 3645
1015 2285 3645
3412 750 3645
3645 3862 3412
3645 225 1015
750 225 3645
1052 3862 2285
1052 2473 3512
3524 2285 1015
3524 1052 2285
2473 1052 3524
1749 750 1921
1921 1591 1749
750 992 3570
3570 1921 750
930 1921 3570
1830 930 3570
2195 3593 1830
2195 1458 3703
3703 1591 2195
3985 2035 394
394 2035 3144
394 3206 2521
3206 394 3874
3874 394 3144
2795 1363 1511
1511 1363 969
969 3874 1511
1511 3874 3144
969 1363 2923
2703 663 749
390 663 2922
663 1628 2922
1500 1460 714
3888 1460 1500
714 297 1500
1500 297 3888
3263 3850 2111
3263 297 3850
721 2849 2013
948 422 1211
1196 3163 1747
3163 1482 1747
1747 948 1196
1212 1480 1767
1767 1552 1212
2986 2475 3659
3659 0 1212
1212 1552 3659
2086 0 3659
3659 2475 2086
712 421 1219
1219 2229 712
3004 3659 1552
759 3163 949
759 2293 3163
1133 2293 759
3943 1593 2109
3943 3772 1593
3943 1718 3772
3794 1718 3132
1718 3943 3132
2109 919 3132
3132 3943 2109
1196 948 1018
626 919 1804
1804 2193 626
172 1978 476
476 1307 172
3894 1978 172
2003 54 172
172 54 3894
172 1885 2003
172 1307 1885
1804 2381 1514
2641 3015 1364
1364 1133 2641
2040 3476 2641
3476 735 2641
1693 735 1804
1804 1514 1693
1693 1514 1885
1693 2641 735
1730 1987 3695
3138 1987 1730
3695 3267 1730
3267 3420 1730
256 3138 1730
1730 3420 256
1769 1661 428
3412 3862 1769
1769 1466 3412
428 1466 1769
1769 1052 3512
3862 1052 1769
2609 1661 1769
1769 1125 2609
1769 3512 1125
1161 3641 3329
2739 3641 1161
1161 561 3001
3329 2033 1161
2033 561 1161
3882 3931 1277
1277 673 3882
1700 2756 2033
2033 729 1700
1700 729 2640
2640 1358 1700
1700 1358 2756
561 2756 3791
2445 1642 3905
3905 2043 2445
2445 2043 3214
3214 1358 2445
2445 2640 1642
2445 1358 2640
2098 1080 2729
2729 1080 3964
2729 3964 2066
2729 2066 2693
2693 2098 2729
356 1303 2165
2165 1987 356
3411 1987 2165
2165 845 3411
695 1080 3991
3964 1080 695
167 693 3964
3964 695 167
872 1388 3034
3034 1580 872
3882 1388 1546
1546 1580 3882
1388 872 1546
1546 872 1580
2762 2143 3871
1638 2143 2762
556 22 1045
156 71 1743
2023 156 1756
1743 3436 1756
1756 156 1743
296 2525 1907
2878 2217 53
2878 450 2217
53 1966 2878
1966 2907 2878
2539 206 2379
2379 3746 2539
2539 3746 1045
2539 1045 3081
3495 206 2539
1045 3746 327
327 3746 1095
1095 3194 327
3294 1077 3184
3294 3756 1077
127 697 139
3281 995 139
139 995 127
3778 697 814
3337 995 1198
1198 995 3281
3281 331 1198
1198 331 860
1068 2681 2917
2917 2930 2159
2681 2930 2917
2917 2159 2352
3299 677 2304
3317 2304 677
2290 3362 1624
31 1156 1624
1624 1156 1068
31 1624 3278
3278 1624 3362
3932 3044 2918
2918 3362 3932
3044 3278 2918
2918 3278 3362
3179 2933 2823
2823 1545 3179
2352 2159 3313
3313 3082 2352
2352 3082 2750
2159 1149 2720
2720 3313 2159
3082 3313 2720
200 1615 2970
2150 2857 970
3430 742 1963
1963 742 3892
1963 3636 2535
1963 1223 3636
3891 3633 670
3918 3633 3891
3690 2309 2889
2889 3899 3690
3633 3899 2889
620 2524 2457
2457 2524 810
3892 742 1414
1414 3560 3892
3921 3210 1910
1910 3210 847
3733 2676 1910
1910 2676 642
847 3210 2865
2865 3210 1520
1239 1118 955
1118 2482 955
1585 1039 2776
553 2152 2776
1981 3426 1433
1433 787 1981
1981 787 103
1759 3426 2716
2948 856 1118
3461 2072 3198
3461 3970 2494
819 856 3461
1248 1732 3539
1243 1732 1248
1248 3539 2144
2144 1243 1248
3770 856 819
1243 2482 3770
3770 1732 1243
3770 2482 1118
1118 856 3770
916 787 131
711 3698 131
3698 29 131
1759 283 2201
1433 1759 2201
2201 787 1433
2201 283 711
711 131 2201
2201 131 787
3416 883 1478
1344 3453 852
3879 1685 87
3879 3902 1685
1465 1875 741
3632 2727 1774
3632 1651 3984
1774 1651 3632
3984 2814 3632
1774 2727 1252
1252 2723 1774
1252 2727 2626
2773 1931 3250
3250 657 3693
2860 657 3250
3250 1931 2860
2985 1635 2976
2976 403 2985
2655 568 599
2821 2655 599
741 1387 445
1423 3557 1971
3494 1828 1911
1911 445 3494
3494 445 1387
1971 3280 3494
3494 1423 1971
1387 1423 3494
630 379 3895
1712 939 1200
1200 3895 379
3750 3895 1200
3568 3750 1200
1203 3557 3998
1203 3998 1712
1712 1200 1203
1203 1200 379
2860 1931 276
276 2714 2860
2511 1001 1442
1735 3316 220
393 2862 2008
2008 2031 393
393 2031 3992
3992 2573 393
185 3560 705
2638 568 1246
2339 910 1001
1302 910 3280
1001 910 1302
1442 1001 1302
1452 1762 2333
1762 50 2333
2288 2153 3620
3620 2153 2238
2238 910 3620
1731 2198 3639
806 2286 3003
3025 1338 1127
2063 1338 2575
3639 193 929
3045 1877 2812
2812 1299 3045
2812 1877 3230
3230 511 2812
511 193 2812
2273 1877 2556
1925 193 3639
1925 2812 193
1299 2812 1925
3375 481 2340
3052 2801 2340
2909 1984 3767
1124 2751 3767
3767 1984 1124
2273 2556 1124
3630 2801 3052
3447 3094 2205
3447 627 3094
372 2896 2952
2205 372 2952
2952 3447 2205
3442 3447 2952
1864 62 1066
3782 3977 23
23 3977 2439
1158 3069 2876
2876 3069 3918
2876 1283 1667
670 2764 446
446 2876 3918
1283 2876 446
1056 938 1667
1667 1283 1056
1056 1283 935
2796 1559 1022
1022 3915 2796
294 3915 1022
1022 1565 294
2490 1259 1843
2490 1993 244
1843 1993 2490
235 3915 1843
1843 1259 235
235 2796 3915
247 2164 444
444 2001 247
330 3236 2768
823 1412 3826
3826 1412 1744
1744 1192 3826
3190 3046 3832
722 1993 1846
2798 3615 512
2256 512 3615
2798 1259 44
44 3615 2798
44 2490 244
1259 2490 44
3375 1536 923
1536 869 923
1178 664 1970
1970 664 1274
3515 1412 2770
2770 1412 823
2572 3715 2770
2513 3716 2091
1964 173 2513
2513 3933 1964
3653 1847 2626
2626 2727 962
2206 2046 121
56 594 2619
1098 2286 2372
1098 2372 1475
1713 2262 2476
320 3621 56
56 2619 320
2830 1343 278
278 1164 2830
1157 1164 278
3150 260 324
260 3150 3781
2582 1241 99
99 1396 2582
2765 771 3075
3075 1432 2765
2759 771 2497
1781 3287 490
1781 980 3287
1781 1129 980
3389 737 3282
3389 3391 165
165 737 3389
2220 2162 3086
2652 3086 410
117 1517 3554
117 3933 2513
2513 2091 117
3536 594 56
3536 2286 806
806 594 3536
1432 3812 2404
3839 2097 3880
868 369 1115
1115 2542 868
868 2542 1253
622 369 868
868 432 622
3880 2097 1004
1004 1432 3075
3946 1380 1160
3890 1380 3946
1160 110 1132
1132 3946 1160
3713 222 2726
3713 2356 1745
2919 2356 3713
3713 955 2919
222 3713 2394
736 3838 1641
3838 1741 1641
2602 1741 886
2602 1641 1741
1487 1809 1379
1832 1148 112
1046 3665 880
65 3665 1046
492 2602 65
65 2602 886
524 3665 2240
2240 886 1832
2240 65 886
3665 65 2240
137 2228 491
425 1564 2172
2228 137 425
425 137 1564
491 2228 1435
2228 3861 1435
1435 2549 491
813 110 1357
1357 1487 813
1487 3443 813
813 2460 110
3443 2460 813
3502 846 1982
842 3502 1982
1982 3490 842
1269 3490 1982
720 1892 2315
2315 3271 1653
2753 3271 2315
2315 1892 2753
2658 2753 1644
2753 1892 1644
1644 824 2658
1644 818 824
463 818 1644
1306 720 2825
1306 1892 720
2825 1173 1306
1173 3472 1306
1306 3472 2583
1699 782 388
1699 122 782
782 122 1279
1923 178 1185
1802 178 1923
1185 3119 2219
2219 283 1759
1759 3595 2219
2219 3119 711
711 283 2219
1816 3374 95
95 2310 1816
2825 344 1816
344 3374 1816
1816 1173 2825
2647 1932 1185
1185 686 2647
2974 1932 2647
2647 686 2974
2728 3785 1505
3384 3785 2728
3079 3384 2728
1505 148 2728
148 3079 2728
3758 1499 4
1046 1499 3758
3758 65 1046
492 65 3758
491 2549 2079
1583 137 2079
2079 137 491
301 3470 3229
1420 2474 3016
3016 3694 1420
3673 2392 3361
820 3735 2686
2392 3735 820
820 3361 2392
48 1486 2534
1010 1561 683
1525 1561 3285
3285 2792 1525
3285 1561 2361
2361 2792 3285
3540 3351 2980
2980 3351 732
301 3540 2980
2980 732 301
3810 637 3047
3047 301 3810
1351 3220 2505
1351 2505 2433
2433 2597 1351
1351 2597 3153
3153 2788 1351
2686 2719 3930
1231 2741 1014
91 2741 1231
1231 1988 91
91 1988 3610
3610 2741 91
288 2741 3610
3610 2240 288
1195 1703 524
1195 3063 1703
3318 3451 3735
3318 3735 2392
3318 2392 3673
2972 2604 3318
3318 3673 2972
3485 3451 2847
1878 3485 2847
2847 850 1878
3451 3318 2847
2604 850 2847
2847 3318 2604
2820 3159 1865
2832 1862 1187
1187 3159 2832
2174 1201 293
1187 3135 293
293 3159 1187
293 1201 3159
293 1577 2174
3135 1577 293
1783 726 280
840 2704 564
483 2704 840
564 2174 837
837 2174 700
837 840 564
368 840 837
1946 1706 2393
2370 309 2078
700 309 2370
2370 837 700
702 1783 2128
1698 1521 2128
1102 959 494
494 76 1102
1783 280 1102
555 2704 483
555 726 2704
3155 726 702
3155 3505 2704
2704 726 3155
3098 3221 2870
863 1718 3794
3772 1718 863
1968 863 3794
3135 2962 1929
1006 1577 1929
1929 1577 3135
1862 3963 3990
3963 2962 3990
3135 1862 3990
3990 2962 3135
2456 3963 2744
2456 2962 3963
2744 2879 2456
2456 1929 2962
2456 2879 1006
1006 1929 2456
2997 538 2879
2997 2879 2744
2997 1584 3433
3433 538 2997
1573 76 1697
1573 2902 76
889 2902 1573
2498 3532 2938
2938 3532 1521
3920 191 540
3522 1556 1328
1328 1037 3522
2106 3999 2095
81 3999 2106
496 3168 1663
496 3522 1037
2926 1535 1530
1530 2429 2926
2926 1013 2191
2191 1535 2926
3547 2584 2523
2584 3028 2523
201 2021 2106
3961 2892 1777
1777 877 1535
1777 1983 3961
1777 1535 1983
3547 2523 1763
1763 2523 2429
3547 1763 2371
2371 1763 1030
2371 2584 3547
3835 2584 2371
1720 1030 2492
766 3582 2425
3582 2403 2425
197 2403 3582
3582 2371 197
197 2371 1030
197 1030 1720
1270 3582 766
766 2937 1270
408 2928 3105
2485 1527 343
3007 1527 2485
2438 3007 1063
1063 2485 2342
3007 2485 1063
582 3770 819
1732 3770 582
2147 2485 343
1287 2255 1903
2468 40 3646
207 3371 408
3337 1198 1222
1222 1198 860
1663 3337 1222
2966 3473 3506
2717 2181 1134
2438 1063 41
264 166 3970
264 41 166
3406 3403 1936
1936 1062 3406
1087 264 3970
1087 3403 3406
3089 3322 3489
3089 1936 3403
3489 1936 3089
3403 1087 3089
3089 1087 3322
3400 1406 513
513 128 3400
3400 1989 429
429 1406 3400
2627 1989 3400
3400 128 2627
784 1896 2087
784 1406 1896
513 1406 784
1313 1162 1983
1313 3550 3168
1037 1162 1313
3168 496 1313
1313 496 1037
3824 2570 1654
3186 3824 1654
1654 767 3186
2664 767 1654
1654 3028 2664
1447 94 902
902 3060 1447
3060 2748 1447
993 1669 1028
1028 1669 3726
2717 1134 1028
1028 1134 993
751 1406 429
429 1669 751
751 1669 1406
3726 688 3395
2717 1028 3395
3395 1028 3726
2754 1153 2212
2754 3514 1153
2754 3420 508
3997 3514 2754
2212 256 2754
256 3420 2754
1131 1729 2901
3247 1131 2901
2901 1937 3247
2901 3575 1937
215 2649 150
1729 2649 215
215 2901 1729
2781 1354 31
2781 3147 1354
31 3278 2781
1707 1003 1354
1354 3147 1707
239 1003 1707
1707 3147 239
1997 854 315
315 3309 1997
315 2167 3309
1175 2071 1097
1391 2327 253
2327 3507 3158
3507 1097 3158
3158 1097 2071
3158 854 1997
2071 854 3158
834 1549 689
3618 1453 3110
1994 3760 1520
1994 2084 2635
1994 1520 2084
2635 636 1994
636 3760 1994
3912 2613 1858
1858 772 3912
1858 2613 1315
3651 1858 1315
772 1858 3651
3517 3944 2548
3014 272 3517
2548 2589 3517
3517 1401 3014
3517 2589 1401
2052 853 364
853 628 364
364 628 3330
3330 3084 364
3084 32 364
1489 2845 1793
1793 2593 1489
3430 1963 1489
2535 2845 1489
1489 1963 2535
1793 2852 3257
3257 2593 1793
2000 1829 2685
2685 2555 2000
3101 2558 1636
2558 2387 1636
2893 3101 1636
1636 2387 2893
1856 1658 253
253 3080 1856
1856 3080 2021
253 1658 413
413 1391 253
3847 3060 902
3847 3860 3060
94 1447 3109
1887 2834 3164
660 2834 1887
2495 660 1887
1887 2029 2495
3127 2029 2656
2656 1492 3127
3127 2434 384
3127 1492 2599
384 1562 3127
1562 2029 3127
2599 1543 3127
3127 1543 2434
2894 1589 1221
381 3413 2894
2081 1589 3059
3059 2894 3413
1589 2894 3059
805 1915 2667
2667 2931 2081
2081 3059 2667
2667 3413 805
2667 3059 3413
1915 1492 109
109 1492 2656
109 2667 1915
2656 2931 109
2931 2667 109
3730 2852 1221
184 563 3730
1221 1589 3730
1944 184 2531
2 3164 3921
2 2294 3164
642 2294 2
46 2931 3048
347 3456 3252
347 1126 3456
1116 1563 202
1563 1126 202
2635 2084 3543
2084 3032 3543
3543 493 2635
3543 1383 493
3921 3164 1603
3164 2834 1603
1603 2834 2368
1603 2084 3921
2368 2084 1603
2871 1382 333
333 2254 2871
3980 1563 333
3289 3682 825
3289 403 3682
825 1671 3289
2283 3682 3693
3768 3648 2283
3474 1040 794
3683 1419 3729
2307 1040 3683
3683 3474 1419
1040 3474 3683
925 1819 1122
1831 1819 925
925 534 1831
415 1671 825
2426 1671 415
3893 159 3465
3465 2573 3893
205 2976 1635
2603 2976 205
935 3634 3624
1667 938 412
2504 2054 1990
2944 3555 304
2944 1607 3555
304 2054 2944
79 1634 3370
79 857 1634
3370 2951 79
2951 2891 79
1634 857 164
164 857 1305
649 1634 164
164 1305 649
2096 262 537
277 3382 2096
3418 262 1678
400 3418 1678
1678 3677 400
918 1229 2328
3182 1229 918
537 2134 2653
2134 427 2653
3803 427 2355
3803 918 2328
3577 1100 2780
1750 1229 3577
1597 3290 1167
1597 3471 2783
1167 3471 1597
1048 3290 1427
2241 1048 1427
1427 3246 2241
3290 1597 1427
1427 1597 3246
1257 329 1766
329 2454 1766
1766 2454 3067
1766 758 1257
1766 1889 758
3067 1889 1766
878 2057 2616
2447 3067 2616
3067 878 2616
2616 2057 1886
1886 1284 2616
1284 2576 2616
2616 604 2447
2677 604 2616
2616 2576 2677
358 3192 2945
2945 1939 358
3869 3192 358
358 259 3869
2526 1630 2992
2992 2139 2526
2526 259 1884
3869 259 2526
2526 2139 3869
2698 2891 307
399 2891 2698
2344 2891 2951
2344 2951 654
2344 1099 1575
654 3382 1620
1620 2344 654
1099 2344 1620
1953 2481 878
1953 1261 945
878 1261 1953
945 1630 2299
2299 1953 945
399 2698 2818
2783 3471 2818
2818 3471 399
3889 3272 3563
1753 3272 3889
3688 1758 2934
2934 1548 3688
3688 1548 115
2543 2112 1954
2543 1825 2112
1234 3747 2522
1234 1035 1758
1954 3747 1234
1234 2543 1954
1602 3446 1695
1263 2139 2992
3373 2194 3869
3373 3390 2194
1336 3390 3373
3373 1263 1336
3869 2139 3373
2139 1263 3373
518 1225 2815
1740 1225 518
1542 1757 2533
2533 1038 1542
2274 2141 797
797 2176 2274
2176 3670 2274
2815 1225 2185
2185 474 2815
2185 1225 3377
3670 543 2055
2055 474 2758
2055 2274 3670
1449 1070 3072
1438 1449 3072
3072 1704 1438
2780 2576 3919
3919 2576 1284
3919 1284 1886
1886 1526 3919
2885 1171 901
2990 272 1845
610 272 2990
802 2853 3066
3878 2072 608
346 2642 2688
346 770 2642
86 770 2551
770 346 2551
2551 346 2688
457 103 916
457 3327 103
1568 1541 3454
33 1541 1568
1296 2463 715
1296 469 994
994 3625 1717
1717 1296 994
2463 1296 1717
1717 3625 2076
2076 946 1717
946 1463 1717
1717 1463 3454
3454 2463 1717
3564 3712 2806
3712 2449 2806
2806 2449 646
1021 1841 754
926 827 212
926 2872 827
544 2872 926
212 951 926
926 951 544
2281 3738 743
3738 270 743
743 2942 2281
3304 3691 1105
3304 270 3691
3304 743 270
1105 2942 3304
2942 743 3304
2076 3691 1904
1904 986 2076
3691 270 1904
1463 1202 2908
2908 1202 986
986 1904 2908
2967 694 2216
694 497 2216
1322 1838 3596
3259 2466 1506
1506 2466 2341
3432 1541 33
3432 486 1541
1147 951 1267
486 951 1147
1216 312 3295
3295 1519 1216
3273 312 1216
3559 1519 115
3559 1548 417
115 1548 3559
808 3057 675
3243 676 675
675 676 808
809 808 19
809 3057 808
19 12 809
809 12 3573
3057 809 3855
3855 809 3573
790 1871 3251
3251 2207 790
304 1871 790
790 2054 304
182 2054 790
790 2207 182
3251 367 1795
1795 2207 3251
1795 3103 2207
1795 367 3192
3192 2194 1795
2194 3103 1795
2674 125 2420
2674 12 19
19 125 2674
2192 1373 2956
1722 1373 2192
709 2700 2192
2420 1922 2947
2389 3172 2890
2890 2433 2675
2675 2389 2890
3197 2890 3172
3197 2597 2433
2433 2890 3197
2906 611 3816
3816 414 2906
3573 12 3029
2863 746 1446
1446 746 1314
1803 1947 3685
3573 3029 226
1960 2465 3629
3306 414 3816
3306 2465 414
3816 1356 3306
1356 1898 3306
3306 1898 1332
1947 1803 1346
1346 1803 145
2224 2310 3959
3959 3472 2224
2224 3472 1173
1173 1816 2224
2224 1816 2310
287 3745 3509
3587 3118 2484
2484 3745 3587
3745 287 3587
388 196 1459
1459 196 3118
2366 1373 525
793 2956 2366
2956 1373 2366
890 287 3509
3118 3587 890
890 3587 287
3023 818 463
2571 2942 580
1653 2571 580
580 2315 1653
720 2315 580
1653 3271 699
699 2571 1653
699 3845 2571
699 3271 314
699 314 473
473 3845 699
2252 3774 3459
3459 3774 1853
3774 1512 1345
1512 633 1345
1670 3774 1345
1345 3010 1670
1345 633 3010
2478 3699 1075
972 2176 797
972 2478 2786
972 2247 2176
972 2786 2247
1075 2110 3087
3087 2110 2247
2247 2786 3087
3087 2478 1075
2786 2478 3087
1274 664 1109
444 2164 1109
3236 1970 1109
1109 1970 1274
1109 2768 3236
2164 2768 1109
3012 308 2564
2564 3342 3012
583 710 2564
710 3342 2564
9 2706 209
3054 2706 9
209 635 9
635 3054 9
769 2706 2807
2807 2706 3054
1567 2706 769
1567 2042 209
209 2706 1567
1536 3177 2824
2824 869 1536
3529 325 3884
3884 1107 3529
3177 1107 3884
3356 325 2180
2041 3094 3356
3356 51 2041
3356 2180 3012
3012 51 3356
3094 627 2898
2746 2042 891
2325 3245 2746
434 3245 2325
2319 1053 1143
85 1331 1143
1143 1053 434
3678 3764 3216
3678 2896 719
719 3764 3678
3934 2846 3571
3571 2846 2237
3435 2580 2237
2237 2846 3435
895 2989 1289
895 3013 2989
1289 3510 895
3510 3013 895
2989 228 3728
3728 1331 85
85 2989 3728
3728 1143 1331
3728 228 2319
2319 1143 3728
3380 1976 1555
691 3708 2203
2203 3013 691
3013 111 691
2353 1532 1827
3708 691 1059
3202 3708 1059
1057 728 2395
2048 728 1057
2805 2865 1497
1497 2865 1520
1497 3760 2048
1520 3760 1497
2237 1908 896
896 3571 2237
1191 3571 896
1384 3708 3202
1384 2580 2203
2203 3708 1384
2237 2580 1384
1384 1908 2237
2324 1384 3202
1908 1384 2324
1736 3801 1592
3525 446 2764
84 1421 559
84 2309 523
523 1421 84
1684 1421 523
523 3666 1684
2897 298 2643
3687 2001 3062
1962 867 3687
3687 867 1262
3687 2666 778
1474 1399 24
778 2666 24
3572 1554 1483
2258 1554 1559
2258 1559 1962
1962 3687 2258
2258 3687 778
3480 298 1810
2486 163 3480
3480 3674 2486
3480 1810 1411
1411 3674 3480
2808 163 1553
2808 2643 298
298 3480 2808
2808 3480 163
718 163 2486
718 2354 2130
2486 2354 718
2130 679 718
3141 2354 2486
2486 3674 3141
3141 3674 2354
2507 2501 3858
3858 2104 2507
1950 2104 3858
3858 1572 1950
3858 3050 1572
752 3050 321
321 3858 2501
3050 3858 321
679 752 321
679 47 3938
47 3605 3938
3277 679 3938
3938 3605 3277
3789 3605 47
2135 1483 3277
3277 3605 2135
911 1192 2197
2068 3789 911
911 3789 1192
3989 47 2836
3989 369 622
2836 369 3989
1278 432 1485
1485 1253 2572
2731 1761 3650
2212 1153 2731
2731 3650 2212
533 441 1426
1426 1768 533
1426 441 356
2100 2683 3441
3441 3131 2100
3187 2683 2100
3512 2473 2766
2766 3131 3512
2766 2100 3131
3187 2100 2766
2772 1193 2697
275 3433 2772
2772 2697 275
765 2849 1626
2849 1019 1626
1626 1019 3441
1626 3441 3372
3372 1193 1626
2082 3131 3441
3441 1019 2082
1125 3131 2082
2082 3548 1125
2082 1019 3548
3437 1643 3804
971 1643 3437
730 2195 1830
1458 2195 730
3207 3870 2022
3870 1318 2022
1318 730 2022
1480 3727 1114
1114 1767 1480
584 1108 1114
1114 3727 584
1114 1108 1547
1547 1767 1114
598 2767 323
323 3727 598
598 3727 1480
598 1480 3574
3574 2767 598
3913 2373 2322
2322 355 3913
1539 419 2245
2245 3720 1539
154 419 1539
1539 795 303
1539 3720 795
303 82 1539
1539 82 154
2617 2408 2529
3917 1460 3888
2529 2408 3917
3917 706 2552
349 706 3917
3917 2408 349
2795 1511 1069
3144 2035 1069
1069 1511 3144
1629 2035 3985
1629 1069 2035
2795 1069 1629
269 930 3593
269 1921 930
1591 1921 269
3593 2195 269
269 2195 1591
398 1628 2703
2703 749 2829
2829 749 3544
2829 1629 3985
3544 1629 2829
2631 398 601
2521 2302 3020
2302 291 3020
3020 394 2521
3020 291 3985
3985 394 3020
2521 3206 1245
3544 749 1078
2795 1629 1078
1078 1629 3544
1321 1599 3888
1628 398 1321
1321 398 18
1211 721 3011
2013 765 3011
3011 721 2013
3548 2849 3457
2849 721 3457
3457 721 1211
948 1747 1952
422 948 1952
3565 1661 2609
1093 428 3565
428 1661 3565
282 3163 3085
282 1482 3163
3085 421 282
421 1441 282
282 571 1482
1441 571 282
2986 3659 1980
3659 3004 1980
2137 759 949
1133 759 2137
2137 949 2040
2040 2641 2137
2137 2641 1133
765 1626 1823
2161 1584 3983
1249 3983 1584
1702 1821 452
1437 1821 1702
1705 2193 2223
3042 530 2223
1018 530 3042
3042 2223 1196
1196 1018 3042
3794 3132 2338
362 3132 919
919 626 362
362 2338 3132
3244 2381 1885
1885 1514 3244
3244 1514 2381
3275 1307 476
476 3015 3275
2670 71 3217
3217 206 2670
2518 3436 3283
3283 68 2518
3495 2539 3149
3149 2539 3081
830 884 2329
573 2259 2329
3553 2739 2601
2601 884 830
2601 617 3553
2601 830 617
1242 2601 2739
884 2601 1242
176 3931 1638
176 1277 3931
3001 561 3401
561 3791 3401
2756 1358 1837
1837 3791 2756
2308 217 1738
1738 1303 2308
1738 2165 1303
692 2365 3841
3841 2365 1805
845 167 2679
2679 167 695
1805 845 2679
2679 3841 1805
217 693 3662
693 167 3662
3662 1738 217
2165 1738 3662
845 2165 3662
3662 167 845
114 556 1188
22 556 114
114 1188 1337
1337 22 114
71 156 2450
3228 450 2450
450 71 2450
274 3436 2970
1868 296 1436
1868 2983 2525
2525 296 1868
865 2379 3217
1907 2379 865
1092 865 3217
2317 2878 2907
2817 556 1045
1045 327 2817
2817 327 556
448 327 3194
556 327 448
448 3194 1188
1188 556 448
376 160 1788
376 1788 1579
1579 3953 376
3953 713 376
1913 1425 1472
2875 378 2779
2793 2933 3049
3429 1913 3599
3429 1425 1913
3661 2520 666
1899 978 3294
1899 1491 2400
3184 1491 1899
1899 3294 3184
3756 3294 2886
3294 978 2886
3223 139 697
1672 81 1879
37 3473 2966
3299 2304 37
1454 3317 677
1454 677 1538
1538 331 1454
2304 3317 2868
1639 1624 1068
2290 1624 1639
1068 2917 1009
3378 1639 687
687 1009 3341
687 1639 1068
1068 1009 687
3482 836 1742
1742 836 2026
2518 68 2196
3179 1545 2196
2196 2630 3179
3599 1496 3545
3545 885 3599
2527 3065 3349
1913 1472 3349
1646 3328 1149
2760 3392 1646
3392 3328 1646
1149 3328 2508
2508 2720 1149
2508 3328 2844
2844 2750 2508
2508 2750 3082
3082 2720 2508
1660 200 2970
1615 200 3784
1615 1020 2038
1375 3679 3228
2401 2038 1020
731 2309 3690
3690 2547 731
2547 3666 731
731 523 2309
3666 523 731
3852 3666 2547
3852 2345 1684
1684 3666 3852
3852 2547 620
620 2457 3852
1488 2889 2309
1488 2309 84
670 3633 500
3633 2889 500
2889 1488 500
2950 2457 810
1684 2345 92
2682 2865 2805
847 2865 2682
2880 742 1158
2880 1414 742
3560 1414 2880
3733 1910 69
69 1910 847
2919 955 2657
2657 955 2482
2657 2482 1243
2144 2919 2657
2657 1243 2144
1039 955 2861
2726 553 2861
2861 3713 2726
955 3713 2861
1039 1585 42
1239 955 42
42 955 1039
2787 1585 2776
3426 1585 2787
2776 2716 2787
2787 2716 3426
2152 553 588
2430 2152 588
2726 222 588
588 553 2726
3423 1585 3426
3426 1981 3423
3423 42 1585
1239 42 3423
2469 1759 3018
1759 2716 3018
3018 2152 2469
2776 2152 3018
3018 2716 2776
3354 3461 856
3354 2948 608
856 2948 3354
608 2072 3354
2072 3461 3354
763 3461 3198
3970 3461 763
3198 3322 763
763 1087 3970
3322 1087 763
562 3461 2494
819 3461 562
916 131 2560
2560 131 29
1681 916 2560
2560 3323 1681
2560 29 3323
954 883 120
954 1478 883
1394 1478 3453
1685 3902 2173
3902 2061 2173
1404 1685 2173
120 1404 2173
2173 2061 120
2777 2061 3902
3902 1258 2777
120 2061 2777
2777 811 987
871 1465 741
2088 3831 482
482 3831 682
2607 1252 2626
3516 1252 2607
3533 3467 3396
3396 3467 3660
403 2976 1728
3693 3682 1728
3682 403 1728
1828 2655 727
2655 2821 727
2002 1423 1387
2002 1387 741
2002 741 1712
1712 3998 2002
3998 3557 2441
3557 1423 2441
2441 2002 3998
1423 2002 2441
1206 2655 1828
1828 3494 1206
2238 568 1206
568 2655 1206
1206 3280 2238
1206 3494 3280
2773 1349 1656
1656 1349 1650
1656 1650 2008
707 3316 1735
1735 2511 707
707 2511 1442
1662 1203 379
1662 379 630
650 707 1442
2736 393 2573
236 2821 599
599 568 236
568 2638 236
1308 2234 1452
1308 3208 2234
2827 50 2288
2288 3620 2827
910 2339 2827
2827 3620 910
507 1276 3612
157 2339 1001
1001 2511 157
157 507 2339
1276 507 157
1560 2511 1687
3700 1276 1560
1560 157 2511
1276 157 1560
2912 3873 2198
3096 3450 2262
2262 1737 3096
3096 1737 3479
3479 2046 3096
2563 3621 2476
2476 2262 2563
2262 3450 2563
2198 1731 740
740 2912 2198
442 1731 616
616 2398 442
442 740 1731
442 2398 1098
3393 2579 1715
1715 2471 3393
3393 2471 3003
3393 1826 2579
3393 3003 2900
2900 232 3393
511 1826 3393
3393 232 511
806 3003 2921
1874 3933 2921
2921 2471 1874
3003 2471 2921
2900 3003 2448
2448 3003 2286
2448 2286 1098
2448 232 2900
1098 2398 2448
2448 2398 511
511 232 2448
440 1338 1
440 1127 1338
2273 1124 3604
3604 1124 1984
1984 2909 3604
815 3832 3604
3230 3046 1265
511 2398 3530
3530 193 511
3530 929 193
3767 2751 389
2751 3527 389
2270 3527 2751
2751 1124 2270
2270 1124 2556
3045 3527 2270
2270 1877 3045
2270 2556 1877
1044 1536 3375
3375 2340 1044
2103 2340 481
2103 873 815
2544 3630 3052
2544 2909 3767
3052 2909 2544
1647 3619 719
360 3619 1647
1647 2916 360
3686 1324 45
719 3619 3043
785 2896 372
2916 1647 785
719 2896 785
785 1647 719
934 372 583
583 2564 934
934 2564 308
2439 62 2874
62 1864 2874
2874 23 2439
3208 1308 1509
3612 3208 1509
1509 519 3612
50 519 1509
1144 2412 3782
1709 1276 3700
3700 1144 1709
3918 3891 1723
1723 446 3918
1723 3891 670
670 446 1723
1962 1559 1209
1559 2796 1209
3915 294 3484
1843 3915 3484
3951 1565 1744
3951 294 1565
1744 1412 3951
3951 1412 3515
3515 3484 3951
3951 3484 294
1262 247 3986
3986 247 2001
3986 3687 1262
2001 3687 3986
1262 867 2380
2380 247 1262
2380 867 2798
823 3826 183
183 3826 1192
183 1230 823
183 1278 1230
622 1278 183
183 3989 622
3174 3832 1476
815 873 1476
1476 3832 815
589 2103 481
873 2103 589
589 481 722
722 1846 589
717 2256 2360
2360 2256 3615
244 717 2360
2360 44 244
3615 44 2360
717 869 698
698 2256 717
698 1970 3236
1178 1970 698
717 1502 2669
2669 869 717
2669 923 869
2669 1502 3375
3375 923 2669
823 1230 3319
3319 2770 823
2572 2770 3319
3319 1485 2572
1230 1278 3319
1278 1485 3319
3716 173 1385
173 313 1385
1385 313 3146
3479 1737 586
1737 3780 586
586 3780 8
8 2231 586
586 2231 3114
121 2046 3148
3148 2046 3479
3114 2231 3148
2727 3632 3837
3837 962 2727
3837 3632 2814
3837 2814 2326
1141 3795 3584
3584 2810 1141
2220 3086 944
2734 3536 56
2734 2372 2286
2286 3536 2734
1285 1737 2262
2262 1713 1285
1285 1713 1737
1737 1713 1417
1417 3780 1737
3974 1417 1751
1751 1417 1713
1733 3783 3658
3658 2957 1733
3783 2957 3658
3427 1343 1850
1850 1343 1733
1733 2957 1850
940 1164 1157
1157 278 940
3788 1609 88
88 3282 2623
88 1609 3282
3242 1818 3516
3516 2607 3242
2626 1847 3242
3242 2607 2626
3516 1818 345
345 1818 2723
345 1252 3516
2723 1252 345
1396 2765 3996
3996 405 1215
1215 1396 3996
3996 2765 1432
3996 2404 405
1432 2404 3996
1396 99 1786
1786 2765 1396
771 2765 1786
1786 99 1241
2497 771 1786
1786 1241 2497
2497 3287 1214
980 1129 231
753 737 165
3282 1609 3169
3169 3389 3282
3391 3389 2160
1680 3391 2160
2160 2017 1680
1264 1609 3929
3929 3389 1264
3929 2160 3389
3554 1517 1445
1517 2017 1445
3292 117 3554
3933 117 3292
2636 2017 2162
3493 2619 594
594 3541 3493
3541 2636 3493
2220 944 3493
3493 944 2619
2305 1115 1138
1138 3812 2305
2305 2097 1115
2305 1004 2097
2305 3812 1432
1432 1004 2305
2718 409 405
405 2404 2718
2828 409 2718
2718 2404 2828
1273 3812 1138
1273 2404 3812
1138 3347 1273
1273 3347 2828
2828 2404 1273
2577 2542 340
340 3839 2577
2097 3839 340
1115 2097 340
340 2542 1115
2577 3839 2940
1189 2119 551
2600 753 1189
2228 425 3407
2996 1132 110
110 2460 2996
1132 2996 1683
1683 2996 3740
2144 3539 3006
222 2394 3215
3215 588 222
2172 1564 385
385 921 2172
3890 921 385
2099 3890 385
2702 2099 385
385 716 2702
3305 137 1583
1583 2968 3305
1041 2602 492
1641 2602 1041
1041 2171 736
736 1641 1041
647 1148 3838
3838 2877 647
647 2877 1487
1809 2964 3513
3513 1379 1809
3513 2964 3088
1832 112 1119
1119 2240 1832
288 2240 1119
1050 3665 524
1050 880 3665
1152 380 1050
524 1703 1050
1050 2377 1152
1703 2377 1050
3861 2171 2406
2406 1435 3861
1269 1982 1165
1165 1982 846
1165 1204 1269
517 1204 1165
1165 846 517
2583 463 2337
2337 1306 2583
463 1644 2337
2337 1644 1892
1892 1306 2337
388 2713 2169
2169 1699 388
1163 1279 122
1163 2366 525
2250 1279 140
2250 1444 2740
140 1444 2250
2740 782 2250
782 1279 2250
1185 2219 470
470 2219 3595
532 470 3595
1900 3595 1759
4 1499 3504
1499 2418 3504
2246 2418 1499
3191 3308 2430
3191 597 3308
2430 588 3191
588 3215 3191
439 3470 597
439 3229 3470
439 3068 4
597 3068 439
3673 3361 3078
3078 3694 3673
3078 1420 3694
334 1231 1014
334 1218 93
93 1988 334
1988 1231 334
3361 820 859
1218 334 859
859 334 3361
3338 2788 1486
1486 48 3338
3338 48 2686
2686 3930 3338
3274 1195 93
3063 1195 3274
732 3351 3628
3628 1010 732
3628 3351 2361
2361 1561 3628
1561 1010 3628
2856 3828 3308
3308 732 2856
3623 2115 337
3623 1190 2115
337 637 3623
2016 169 3136
1152 2377 2840
1353 380 932
3153 2597 3288
2597 3 3288
3509 3153 3288
3288 3 3509
3220 1351 1054
2719 3220 1054
1586 1195 524
524 2240 1586
2240 3610 1586
3723 2820 542
542 2820 1865
542 1865 3099
2870 2809 299
299 2832 2870
299 3963 1862
1862 2832 299
194 840 368
368 1946 194
194 1946 1782
194 1782 483
483 840 194
684 2370 2078
2078 971 684
684 971 2743
2743 1706 684
897 3099 3809
505 2128 1521
505 3532 897
1521 3532 505
3302 1102 280
3302 280 1782
2393 959 3302
959 1102 3302
3302 1946 2393
1782 1946 3302
1782 280 3284
483 1782 3284
3284 555 483
3284 280 726
726 555 3284
552 3155 629
552 3809 3099
629 3809 552
3099 3505 552
3505 3155 552
20 2832 3159
3221 3098 20
2870 2832 20
20 3098 2870
3159 2820 20
3723 3221 20
20 2820 3723
3772 863 1064
1593 3772 1064
3868 2809 1776
3744 3947 1698
2902 3947 3744
2133 1102 76
76 2902 2133
2902 3744 2133
2133 3744 1698
1783 1102 2133
1698 2128 2133
2133 2128 1783
1174 58 1831
2620 2436 1682
1682 2938 1503
2566 2095 3999
1663 3168 2566
638 81 127
3999 81 638
638 995 3337
127 995 638
638 3337 1663
1663 2566 638
638 2566 3999
1969 81 2106
1879 81 1969
1969 2178 1879
3080 2178 1969
2106 2021 1969
2021 3080 1969
3522 496 3773
1013 2926 841
841 2926 2429
2712 201 3550
1658 1856 2712
3241 2403 2953
204 3773 1613
3522 3773 204
204 1613 3241
3241 2953 204
268 2892 3961
268 2492 2892
1266 2492 268
268 2953 1266
268 204 2953
1030 1763 570
570 2492 1030
2892 2492 2446
877 1777 2446
2446 1777 2892
2446 570 877
2492 570 2446
1392 2425 2403
766 2425 1392
1392 2928 3739
3406 3982 1528
343 1527 1254
1254 3739 791
1254 1527 3739
2971 1527 3007
2971 2937 766
2971 3007 2937
3739 1527 2971
766 1392 2971
2971 1392 3739
2342 2485 1362
1362 2147 3466
2485 2147 1362
3466 2147 2417
338 370 2789
338 2147 343
791 370 338
338 1254 791
343 1254 338
2400 2011 894
2400 1491 3724
3724 2011 2400
3724 2099 2702
3724 1491 2099
2702 716 792
318 2011 2255
2036 3960 882
2036 318 2255
882 318 2036
3960 2036 3523
1287 2272 3523
3523 2255 1287
3523 2036 2255
3865 1690 3363
3865 3209 1690
1690 3209 3578
408 3371 3578
3209 1710 3301
3301 370 791
391 2785 3501
860 331 391
391 331 1538
1538 2785 391
1036 1538 3299
1036 2785 1538
3501 2785 1036
2966 3501 1036
3299 37 1036
1036 37 2966
2895 3506 28
3506 3928 28
3363 2895 1959
747 3501 2966
2895 3254 747
2966 3506 747
747 3506 2895
2546 3254 2895
3363 1690 2546
2546 2895 3363
1690 3578 2107
2107 3578 3371
2107 2546 1690
3254 2546 2107
130 2181 2859
130 1134 2181
993 1134 130
130 1406 993
2859 1896 130
1896 1406 130
2438 41 2965
41 264 2965
2965 3007 2438
2937 3007 2965
3550 1313 2136
2191 3860 2136
2136 1983 2191
2136 1313 1983
1295 1654 2570
1295 3926 1013
1295 2570 3926
3009 688 1870
3009 3395 688
2717 3395 3009
3009 70 2717
3009 1870 70
1149 3952 361
2760 1646 361
361 1646 1149
361 761 2760
674 761 361
526 674 361
361 3952 526
2797 2930 526
526 3952 2797
2159 2930 2797
2797 1149 2159
2797 3952 1149
404 215 150
2901 215 404
3147 2781 2749
2749 2781 3278
239 3147 2749
2749 3044 239
2749 3278 3044
2132 315 854
2167 315 2132
1000 681 1175
1175 1097 1000
1000 1097 3507
2873 3507 2327
2327 1391 2873
1879 2178 3798
796 3158 1997
1997 3309 796
3309 3410 796
3238 3618 3110
1453 3618 2391
2391 834 689
689 2586 2391
2586 1453 2391
1153 3514 2218
2503 1383 2562
2562 3651 2503
1315 1383 2503
2503 3651 1315
3944 3517 801
801 610 3912
801 272 610
801 3517 272
1169 32 2052
2052 364 1169
1169 364 32
3430 1489 2645
2645 1489 2593
2645 2593 2524
2645 2524 3966
2645 742 3430
3966 742 2645
2166 3257 2852
1944 810 2166
2524 2593 1168
2593 3257 1168
3257 2166 1168
810 2524 1168
1168 2166 810
1150 295 3743
339 3814 3101
1829 3814 339
3101 3008 339
3008 1779 339
16 2685 603
603 339 1779
1292 603 1779
560 3607 912
3607 1563 912
912 1563 3980
1461 2685 16
520 2555 1461
2555 2685 1461
2949 413 1658
2184 413 2949
2184 3109 3090
681 1000 3090
3279 3109 2330
2330 3109 2158
2029 1887 643
3048 2656 643
2656 2029 643
3048 643 1238
1238 643 1887
2852 3730 1135
1135 3730 563
1944 2166 1135
1135 2166 2852
1135 184 1944
1135 563 184
1861 1910 642
642 2 1861
3921 1910 1861
1861 2 3921
2931 46 3807
2081 2931 3807
184 3730 3807
3807 1589 2081
3807 3730 1589
3885 3543 3032
2562 1383 3885
1383 3543 3885
138 3651 2562
3252 772 138
772 3651 138
1126 347 3710
3710 202 1126
3710 3885 202
2254 333 426
426 1563 1116
426 333 1563
660 2254 2105
2254 3143 2105
2368 2834 2105
2105 2834 660
2105 3032 2368
3340 403 2323
2984 3340 2323
2083 657 2860
2860 2714 2083
2083 2714 2932
2932 614 2083
2413 614 3568
3568 1258 2413
3902 3879 2413
2413 1258 3902
657 2083 2435
2435 2083 2591
3693 657 2435
2435 2283 3693
3768 2283 2988
2988 2435 2591
2283 2435 2988
2800 2283 3648
3729 1179 2800
2800 1179 3682
3682 2283 2800
3648 2278 2800
2800 3683 3729
933 2261 3898
2678 2261 933
2678 3683 2261
2307 3683 2678
2678 2620 2307
933 2620 2678
1122 2984 1801
1801 925 1122
2984 1671 1801
534 925 1801
2426 534 1801
1801 1671 2426
825 1179 3657
3657 415 825
2573 3465 2014
2014 2736 2573
1522 1635 1692
1522 205 1635
1869 1349 2773
1869 205 1349
2603 205 1869
2773 3250 1869
1869 3250 2603
3638 3634 3782
3782 2412 3638
3638 3624 3634
3638 2412 3624
2590 2412 1687
3624 2412 2590
3535 2504 1990
2536 1607 3535
3535 1990 1529
1529 2156 3535
3535 2156 2536
1607 2944 3717
3717 3535 1607
2504 3535 3717
2054 2504 3717
3717 2944 2054
2168 2891 1928
2168 79 2891
857 79 2168
2168 1748 857
124 3829 1986
1986 1320 124
124 1320 1305
1305 857 124
857 1748 124
3422 2096 3382
3422 654 72
3422 3382 654
262 2096 3422
898 3182 2567
2567 3428 898
3417 1339 3818
2618 1448 277
550 1448 2618
277 2096 2618
2618 2096 537
537 2653 2618
3468 1448 550
550 2618 2125
2125 2618 2653
2386 3803 2328
427 3803 2386
2722 1229 1750
2660 2057 685
1886 2057 2660
2660 1526 1886
21 3577 2780
3711 3725 21
3528 3518 2804
2804 1355 3528
3528 1355 3518
1355 3907 2182
898 3518 2182
3518 1355 2182
2182 1229 898
2182 3907 1229
1229 3907 149
149 3577 1229
1100 3577 149
2318 1055 3754
1100 1578 108
1137 1100 108
108 2318 3754
1578 2318 108
259 358 2102
2102 1597 2783
1884 259 2102
2102 2935 1884
1807 2344 1575
307 2891 3121
2891 2344 3121
2344 1807 3121
1099 1620 893
277 1448 893
1448 1099 893
893 3382 277
893 1620 3382
1992 2299 1630
1884 2935 1992
1992 2526 1884
1630 2526 1992
1666 1807 1575
2935 2102 554
554 2102 2783
2622 106 3446
3446 1602 2622
2622 2510 831
831 106 2622
1758 3688 572
115 3272 572
572 3688 115
3763 1234 2522
3763 1512 2252
3763 633 1512
2522 1091 3763
3763 1091 1648
1648 633 3763
1035 1234 888
2252 3459 888
888 3459 1035
888 3763 2252
1234 3763 888
1533 1471 2659
1533 3272 1753
2659 572 1533
1533 572 3272
1753 3889 2841
2841 1533 1753
1471 1533 2841
1906 1471 2841
2659 1471 241
241 572 2659
1758 572 241
2533 1757 757
3108 106 1336
1336 1263 3108
3446 106 3108
3108 1263 2992
1695 3446 3108
3108 329 1695
98 329 3108
2992 1630 3108
3108 1630 98
1257 1740 3900
1740 518 3900
1695 329 3900
3900 329 1257
3656 518 2815
2284 3900 3656
3656 3900 518
2815 474 375
375 3656 2815
1038 3656 375
375 2055 543
474 2055 375
458 1038 2533
2533 757 458
2284 3656 458
458 3656 1038
1757 1542 2487
2487 1542 543
2487 543 3670
3670 2782 2487
3409 3072 1070
1704 3072 3409
2758 1704 3409
3409 478 2758
2758 478 1113
1113 2055 2758
2274 2055 1113
2141 2274 1113
2349 3377 1438
2349 2185 3377
1438 474 2349
474 2185 2349
2357 3725 3993
3993 1526 2357
3993 3919 1526
3993 3725 3711
3711 3919 3993
3681 2538 3806
2538 1140 3806
1335 2538 1893
1335 1140 2538
2087 1896 1335
1896 1062 1154
1154 1335 1896
1140 1335 1154
2813 1171 1917
2813 901 1171
2813 1917 892
892 3681 2813
3681 901 2813
2627 128 2757
2757 1845 2627
3448 2853 3106
3106 2990 3448
610 2990 2336
2822 3336 2336
3336 610 2336
2336 3106 2822
2336 2990 3106
2244 128 513
513 3066 2244
3408 1600 802
802 3066 3408
1893 1600 3408
513 784 3408
3408 3066 513
3408 784 2087
2087 1335 3408
3408 1335 1893
3552 701 3041
3041 3878 3552
2072 3878 3041
3198 2072 3041
1611 3198 3041
3041 701 1611
103 3327 3580
3580 2297 103
3580 2551 2688
916 1316 5
5 457 916
2673 3580 3327
2551 3580 2673
2673 1316 86
86 2551 2673
1463 2908 2761
2761 2908 3867
3454 1463 2761
2761 1568 3454
469 1296 2905
1269 469 2905
2905 1296 715
754 2455 799
799 1021 754
1841 1021 1679
646 1841 1679
1679 2806 646
3564 2806 1679
1679 1021 3564
1017 1463 946
1017 1202 1463
1017 946 2076
2076 986 1017
986 1202 1017
1498 3867 395
3867 2908 395
395 2154 1498
2747 3596 2967
2747 2216 3596
3569 1267 212
212 1322 3569
708 1322 212
1838 1322 708
212 827 708
708 827 3259
1541 486 181
155 1541 181
181 497 155
181 2216 497
3596 1838 2210
2210 1506 3596
3259 1506 2210
2210 708 3259
1838 708 2210
486 3432 348
348 3867 1498
1498 486 348
33 1568 348
348 3432 33
1529 3273 3696
3696 1991 1529
3057 3855 3696
733 1853 3243
2973 74 1991
2973 3855 74
1991 3696 2973
2973 3696 3855
2842 2674 2420
219 1922 709
709 2192 219
219 2192 1922
1922 2192 229
1031 746 991
2385 2389 328
2385 2906 2389
328 611 2385
611 2906 2385
3945 3172 2389
2389 2906 3945
2674 2842 3558
12 2674 3558
3558 3029 12
2956 2598 3591
3591 1941 107
1866 1941 3591
2668 1314 1031
2668 107 1314
3268 3197 3172
3268 1089 1866
1446 3600 1686
2432 352 2863
2432 1686 3600
2863 1446 2432
1446 1686 2432
958 3600 1446
958 965 3600
1089 965 958
352 226 2146
2146 226 3029
2146 3558 352
3029 3558 2146
1332 3629 161
161 3306 1332
161 3629 2465
2465 3306 161
1812 1346 145
1812 226 352
145 226 1812
1365 2713 388
388 1459 1365
1365 1459 2713
793 2366 1867
1867 1163 122
2366 1163 1867
2597 3197 3853
3853 890 3509
3509 3 3853
3853 3 2597
3219 1569 1722
1722 3023 3219
3219 463 140
3219 3023 463
1722 2192 2202
2202 3023 1722
2202 2192 2700
2700 818 2202
818 3023 2202
720 580 3588
3588 580 2942
344 720 3588
3588 3598 344
1105 3598 3588
3588 2942 1105
3988 2067 1430
1430 1055 3988
3754 1055 1430
3039 1137 744
906 2067 1961
906 744 2067
325 3356 1024
2424 2824 3177
2214 3356 3094
2807 1024 2214
2214 1024 3356
187 1567 769
2042 1567 187
187 891 2042
2898 891 187
2746 891 624
624 2898 627
624 891 2898
3216 3764 1183
3764 3005 1183
2746 624 3866
3866 624 627
1290 2952 2896
2896 3678 1290
3442 2952 1290
1290 3678 3216
1927 2672 2405
2405 3510 1289
1289 3764 2405
2257 3510 1957
1957 2672 2257
3510 2405 1957
1957 2405 2672
2954 3435 2846
2954 2846 2319
2319 228 2954
2954 228 2580
2580 3435 2954
2085 111 2257
2085 1555 111
3380 1555 2085
2085 2672 3380
2257 2672 2085
1103 3672 2939
2939 290 1103
2140 1532 913
1532 1059 913
913 1059 691
913 691 111
2048 1057 3775
835 1421 1684
835 559 1421
1684 92 835
835 92 1094
1330 3358 644
644 1462 2755
1191 896 2975
2975 896 1908
2101 1191 2975
1623 2324 3202
1736 1592 2266
2266 223 3976
2266 3936 1736
3976 3936 2266
1848 3626 2939
2764 3626 1848
1283 446 3204
446 3525 3204
3801 1283 3204
3204 1592 3801
2396 2866 1483
1483 947 2396
1553 2866 2396
2897 2643 1067
1474 2897 1067
1067 1399 1474
621 3687 3062
2666 3687 621
3394 3062 1474
1474 24 3394
3394 621 3062
3394 24 2666
2666 621 3394
2837 947 778
778 24 2837
1399 947 2837
2837 24 1399
1571 1483 2068
1571 3572 1483
2267 947 1483
1483 1554 2267
1554 2258 2267
778 947 2267
2267 2258 778
2866 163 2605
163 718 2605
2605 718 679
2501 1309 2802
2802 321 2501
679 321 2802
2802 47 679
2836 47 2802
2802 1309 2836
2068 1483 1323
1483 2135 1323
1323 3789 2068
3605 3789 1323
1323 2135 3605
3460 3789 47
47 3989 3460
1192 3789 3460
3460 183 1192
3989 183 3460
1253 1485 2215
2215 1485 432
2215 868 1253
432 868 2215
356 3138 488
488 1426 356
488 3368 3526
488 3138 3368
3526 1768 488
1768 1426 488
2183 1065 3187
3187 2766 2183
2183 2766 2473
1193 2772 1033
1033 1626 1193
1033 1584 2161
3433 1584 1033
1033 2772 3433
3199 3804 2743
3199 3437 3804
3199 2743 267
267 971 3199
2263 3570 992
2263 992 3207
2236 2022 730
1830 3570 2236
2236 730 1830
3570 2263 2236
104 807 1558
1558 355 104
1558 3913 355
3751 2617 2529
3654 2617 3751
3870 3654 3751
3737 1318 3751
3751 1318 3870
2208 3654 498
2208 2617 3654
795 653 2208
653 2408 2208
2408 2617 2208
498 1288 2208
2208 1288 795
1814 3917 2552
1460 3917 1814
2552 311 1814
311 1460 1814
988 398 2703
601 398 988
3737 18 3721
18 398 3721
398 2631 3721
3297 2302 3703
3703 1458 3297
3180 1318 3737
3180 2631 1318
3737 3721 3180
3180 3721 2631
2410 2631 601
2410 3297 1458
1458 730 2410
2410 730 1318
1318 2631 2410
2509 1245 3206
2509 3874 969
3206 3874 2509
969 2923 2509
3820 3238 1842
3820 1842 1233
1282 2922 1628
1628 1321 1282
1282 3263 2111
297 3263 1282
2111 390 1282
390 2922 1282
3888 297 1282
1282 1321 3888
2451 1018 948
2451 948 1211
1211 3011 2451
1437 530 2451
2451 530 1018
1574 1952 1605
1605 1952 1747
1605 1747 1482
1605 571 1574
1482 571 1605
1429 3565 2609
2609 2963 1429
1429 2963 2721
1093 3565 2924
1547 578 2924
578 1093 2924
1125 3548 1920
2609 1125 1920
2721 2963 3051
472 2986 2936
2936 3872 472
1574 571 1207
1207 571 1441
655 1823 26
26 3983 655
26 1823 1626
2161 3983 168
168 1033 2161
1626 1033 168
168 26 1626
3983 26 168
2242 2997 2744
2744 1249 2242
1584 2997 2242
2242 1249 1584
2126 1249 2744
2701 1968 3794
3794 2338 2701
2223 530 3916
3916 1705 2223
3916 530 1437
1437 1702 3916
2332 626 2193
2332 362 626
452 2338 2332
2338 362 2332
3015 2641 300
300 3275 3015
1885 1307 102
1307 3275 102
950 2329 884
573 2329 950
3495 3149 2006
2006 3149 1012
2006 206 3495
2006 2670 206
2006 3675 2991
2991 2670 2006
2259 3675 1224
1224 2329 2259
1224 2006 1012
3675 2006 1224
1224 1012 830
830 2329 1224
1743 71 1317
71 2670 1317
1317 3436 1743
2092 3675 2259
2259 3283 2092
2991 3675 2092
2092 3283 3436
3436 1317 2092
2092 2670 2991
2092 1317 2670
68 3283 804
573 2532 804
804 2259 573
804 3283 2259
3081 1675 773
773 3149 3081
773 2762 3871
773 1675 1337
1337 2762 773
198 2009 1416
2009 302 1416
884 1242 984
984 950 884
2094 2461 2929
2929 908 3954
3581 908 2929
2929 2461 3581
292 2929 3954
3857 625 2094
2094 2929 3857
1788 160 251
251 160 3049
3179 2630 251
251 2933 3179
3049 2933 251
1277 176 3800
1638 2762 3800
3800 176 1638
3001 3401 966
966 625 3001
2094 625 966
966 2461 2094
966 3401 3791
3848 1358 3214
3848 1837 1358
3214 2043 3848
3848 2043 198
3791 1837 3848
198 966 3848
3848 966 3791
1244 2679 695
3841 2679 1244
136 1756 3436
3436 274 136
136 274 2970
2735 2983 3414
2983 1868 3414
3414 3232 2735
3414 2907 3232
3414 1868 2907
3452 2317 1436
2878 2317 3452
1237 1092 3452
450 2878 3452
3217 450 3452
3452 1092 3217
1907 865 2515
865 1092 2515
2515 1092 1237
2515 296 1907
2515 1237 296
96 1868 1436
1436 2317 96
2907 1868 96
96 2317 2907
641 713 3953
3049 160 1780
160 376 1780
1780 376 713
548 447 2080
1367 3349 1472
848 548 2080
1860 3953 1579
1079 3286 2187
2187 3640 1079
2044 3640 2187
2946 3640 2044
1951 2933 2606
2933 2793 2606
2606 885 1951
2390 3429 3599
174 2545 2080
2080 3469 174
833 2545 174
2343 713 843
843 2390 2343
2080 447 2382
198 2043 437
437 2009 198
437 2043 3905
3905 302 437
437 302 2009
3756 2886 188
2651 3756 188
3455 3854 1088
3910 697 3778
3910 3223 697
2738 3854 3910
3854 3455 3910
3778 814 3077
3239 2540 1088
2117 3317 1088
1088 2540 2117
2117 2540 1787
1787 2868 2117
2117 2868 3317
1787 2540 89
696 2917 2352
696 661 2917
2705 661 696
2843 3065 2527
800 661 2738
800 3910 3778
2738 3910 800
2917 661 800
3956 687 1142
3778 3077 1142
1142 687 3341
1142 800 3778
1545 2823 3521
2026 1545 3521
3521 1742 2026
3482 1742 3521
317 1545 2026
317 2196 1545
2518 2196 317
317 3436 2518
317 836 3436
2026 836 317
1951 3065 263
263 2933 1951
3344 1496 1913
1913 3349 3344
3344 3545 1496
3344 3349 3065
3344 3065 1951
1951 885 3344
885 3545 3344
3972 1334 1228
1228 3019 3972
1696 836 3482
1696 1660 836
3482 1659 1696
504 1852 200
200 1660 504
1660 1696 504
504 1659 1852
504 1696 1659
2970 3436 2998
2998 1660 2970
3436 836 2998
836 1660 2998
2352 2750 1622
200 1852 756
756 3784 200
1857 2450 156
156 1375 1857
3392 2401 2458
2458 3328 3392
2844 3328 2458
2458 3061 2844
3679 1375 1260
970 3679 1260
1260 2150 970
2888 3392 668
2888 2401 3392
248 3626 2764
195 3626 248
248 2764 670
670 500 248
248 500 195
2271 290 2939
2457 2950 2684
2345 3852 2684
2684 3852 2457
2287 2676 3733
847 2682 3249
3249 69 847
3733 69 3249
3249 2287 3733
2682 2287 3249
1039 2861 387
387 2861 553
2776 1039 387
387 553 2776
937 1981 103
937 3423 1981
103 2297 937
937 2297 3552
1894 582 819
819 562 1894
1894 562 2494
1478 954 2784
2784 1972 2296
987 1972 2784
2784 2777 987
2784 954 120
120 2777 2784
3416 1478 2887
2887 1394 3416
1478 1394 2887
3453 1344 3508
3508 1394 3453
3508 1344 3416
3416 1394 3508
3189 1258 3568
3568 1200 3189
3189 1200 939
482 1465 3478
1465 871 3478
3478 2088 482
3478 871 1341
1341 2088 3478
1911 1828 2578
1828 871 2578
2578 871 741
741 445 2578
2578 445 1911
2121 2088 1180
3831 2088 2121
3453 1478 3055
2326 2814 3171
2814 144 3171
3171 158 2326
2464 144 2814
2464 2814 3984
3714 3056 2464
2464 3056 144
862 3660 3901
862 3396 3660
3863 1386 3901
3863 484 1386
3901 3660 3863
3660 484 3863
1071 407 1977
3660 3467 3836
3836 407 1071
1071 484 3836
3836 484 3660
2260 999 2243
213 999 2260
2260 158 213
2260 3467 3533
2260 1943 3467
1180 2088 3647
3467 1943 3385
3385 3836 3467
407 3836 3385
1943 3647 3385
2969 2976 2603
2969 1728 2976
2603 3250 2969
2969 3250 3693
3693 1728 2969
2142 871 1828
1828 727 2142
1341 871 2142
2142 407 1341
2142 1977 407
2142 727 2821
2821 1977 2142
3112 1236 1931
2431 1236 3112
3112 1931 2773
2773 2431 3112
285 2431 2773
2773 1656 285
3402 3895 3750
3750 2367 3402
2714 276 3597
276 2367 3597
3597 2367 3750
2932 2714 3597
3568 2932 3597
3597 3750 3568
499 2367 276
499 276 1931
876 3799 499
499 1236 876
1931 1236 499
1735 220 3652
3557 1203 1601
1203 1662 1601
1601 1662 3397
3397 650 1601
1971 3557 1601
1601 650 1442
1601 3280 1971
1442 1302 1601
1601 1302 3280
3397 1662 648
393 2736 3053
2862 393 3053
3053 705 2862
185 705 3053
1325 484 1071
1386 484 1325
1071 1977 1325
1325 1977 238
1325 238 2638
1246 1386 1325
1325 2638 1246
2821 236 775
775 1977 2821
238 1977 775
775 236 2638
2638 238 775
2633 519 50
50 2827 2633
2633 2827 2339
2375 1560 1687
2514 2912 2502
3873 2912 2514
2502 1455 2514
1455 3873 2514
665 3538 3817
1874 2471 1090
1090 2471 1964
1090 3933 1874
1090 1964 3933
173 1964 623
1964 2471 623
623 2471 1715
623 313 173
1 143 734
734 440 1
143 1127 734
1127 440 734
1338 2063 2512
1 1338 2512
2512 433 1
1 433 2051
2051 143 1
2051 1976 143
61 2512 2063
2273 3604 3074
3074 3046 3230
3074 3832 3046
3074 3604 3832
3230 1877 3074
3074 1877 2273
815 3604 2819
2819 2103 815
3052 2340 2819
2340 2103 2819
2579 1826 1227
1227 1826 3230
3230 1265 1227
3276 1265 3046
313 623 3556
929 3530 3995
3639 929 3995
3995 1731 3639
616 1731 3995
851 3527 3045
851 389 3527
3045 1299 851
851 1925 3639
1299 1925 851
265 1107 1536
1536 1044 265
2801 3630 3445
3445 3630 308
3012 1604 3445
3445 308 3012
1470 2340 2801
1470 1044 2340
2311 3975 3808
1604 3975 2311
2311 3445 1604
1044 1470 2311
2801 3445 2311
2311 1470 2801
45 1324 1534
1324 3883 1534
1534 934 308
1534 3883 934
308 3630 451
3630 2544 451
451 1534 308
936 3619 360
936 3686 3619
1324 3686 936
936 3883 1324
3619 3686 1047
1047 3043 3619
1047 3686 3025
3551 1127 143
719 3043 1418
1418 3764 719
1927 2405 1418
1418 2405 3764
3095 785 372
2916 785 3095
372 934 3095
360 2916 1110
1110 936 360
3883 936 1110
2920 2874 1864
2920 1864 1066
1066 2234 2920
2234 3208 2920
1452 2333 3511
3511 1308 1452
1687 2412 1403
2412 1144 1403
1403 2375 1687
2796 235 3073
3073 1209 2796
1962 1209 3073
3073 1259 1962
3073 235 1259
3515 2369 2775
1843 3484 1606
1606 3139 1846
1606 1993 1843
1606 1846 1993
1773 2380 2798
2798 512 1773
2164 247 1773
247 2380 1773
1773 2768 2164
330 2768 1773
1773 2256 330
512 2256 1773
873 589 1034
1034 589 1846
3174 1476 1034
1034 1476 873
1034 3139 3174
1846 3139 1034
3190 3832 1566
1566 3832 3174
2421 467 3949
1811 1400 2421
1400 467 2421
35 467 1400
1400 2775 35
35 2775 2369
3146 467 35
330 2256 915
2256 698 915
915 3236 330
915 698 3236
2058 2369 3515
2058 3715 2577
2577 1625 2058
3515 2770 2058
2058 2770 3715
3786 874 2091
2369 2058 3566
3566 2058 1625
587 2231 8
8 3780 587
3479 586 632
632 586 3114
632 3148 3479
3114 3148 632
121 3148 2496
3668 2206 121
121 558 3668
3668 558 3940
1902 558 3653
998 2260 3533
158 2260 998
3815 998 3533
703 998 3815
1996 3837 2326
1996 703 3940
153 3584 3795
1141 2810 3298
2810 516 3298
1516 516 245
245 516 2810
2810 153 245
245 153 2060
1516 245 1413
1413 245 2060
3116 2734 56
56 3621 3116
3621 2563 3116
3116 2563 1721
3300 1475 2372
2372 2734 3300
875 320 2619
3974 1751 1159
1159 1751 3705
3924 3705 3731
218 1159 3924
3924 1159 3705
3705 1751 864
864 1751 1713
1164 940 2190
324 2830 2190
2830 1164 2190
2007 2075 1818
2007 3242 1847
1818 3242 2007
1096 2075 2007
39 3795 1820
1820 2723 528
2723 1818 528
528 39 1820
43 2759 2497
2497 1214 43
551 2759 43
3287 980 2019
2019 1214 3287
2019 1189 551
2600 1189 2019
551 43 2019
2019 43 1214
3035 2759 551
3035 829 2759
3880 1004 406
2759 829 170
829 406 170
170 1004 3075
170 406 1004
2623 3282 431
3282 737 431
431 753 2600
737 753 431
980 231 541
541 2019 980
2600 2019 541
541 431 2600
231 431 541
1182 88 2623
1182 1129 260
1182 231 1129
1264 3389 3386
3389 3169 3386
3386 1609 1264
3386 3169 1609
2162 2017 2265
2017 2160 2265
2265 3086 2162
218 3924 1945
1945 3924 3731
3731 875 1945
1680 3722 1032
1032 3722 3611
165 3391 1032
1042 2921 3933
3933 3292 1042
806 2921 1042
1042 3554 806
1042 3292 3554
605 2636 3541
605 3541 594
605 1445 2017
2017 2636 605
605 594 3554
3554 1445 605
760 2636 2162
760 2162 2220
2592 3611 874
874 3594 2592
3434 3594 479
3880 406 479
479 3839 3880
479 3594 3839
725 2940 3839
3839 3594 725
725 3594 874
116 3407 192
192 1683 116
116 1683 3740
192 3407 1544
1544 3407 425
1544 425 2172
2172 921 1544
1544 921 192
3235 2996 2460
3235 3443 3779
3235 2460 3443
3779 3740 3235
3740 2996 3235
192 921 3224
3224 1683 192
3224 921 3890
1132 1683 3224
3890 3946 3224
3946 1132 3224
2144 3006 240
240 2919 2144
240 2356 2919
2615 3006 3539
1583 2394 3183
3183 2968 1583
3183 2394 3713
3713 2968 3183
536 3713 1745
536 2968 3713
3181 3215 2394
2468 3646 3748
3748 3646 2272
3748 2272 1287
1477 40 2468
1477 2615 40
953 3968 716
716 385 953
60 3305 2968
2968 536 60
1487 1379 1995
1995 647 1487
745 3513 3088
745 112 1148
1379 3513 3269
3269 1995 1379
647 1995 3269
1148 647 3269
3269 745 1148
3513 745 3269
455 2741 288
288 1119 455
3088 2741 455
455 745 3088
455 1119 112
112 745 455
2549 1435 2479
1435 2406 2479
525 1569 142
142 1163 525
142 3219 140
1569 3219 142
140 1279 142
1279 1163 142
1802 1923 3833
3833 532 1802
3833 1923 1185
1185 470 3833
470 532 3833
683 3156 849
1802 532 3240
3240 3156 683
683 178 3240
3240 178 1802
3311 1759 2469
3311 1900 1759
3595 1900 1587
2708 1499 1046
2708 2246 1499
1046 880 2708
880 1353 2708
1881 3229 2418
2418 2246 1881
1881 1673 3229
1881 2246 3830
3830 1673 1881
3732 3504 2418
2418 3229 3732
3229 439 3732
4 3504 3732
3732 439 4
3361 334 3979
1420 3078 3979
3979 3078 3361
1218 859 803
2686 48 803
93 1218 803
803 3274 93
803 820 2686
803 859 820
2788 3338 462
462 3338 3930
3930 1054 462
462 1351 2788
462 1054 1351
2442 2049 1398
2442 1398 169
169 2016 2442
2442 1537 2049
2016 1537 2442
2694 2840 637
637 3810 2694
3810 932 2694
1152 2840 2694
2694 380 1152
932 380 2694
637 2840 1540
1540 3623 637
2742 2377 1703
2742 1537 2377
3608 1537 2742
1703 3063 2742
3063 3608 2742
3897 3608 2534
3897 1537 3608
2049 1537 3897
1398 2049 3897
2534 1486 3897
1486 1398 3897
3813 1353 932
3813 932 3810
3813 1673 3830
3813 3810 301
301 3229 3813
3229 1673 3813
2665 1353 880
380 1353 2665
880 1050 2665
2665 1050 380
3655 3930 2719
2719 1054 3655
3655 1054 3930
1195 1586 858
858 1988 93
93 1195 858
858 3610 1988
858 1586 3610
402 299 2809
3963 299 402
2809 3868 402
1706 1946 466
466 684 1706
466 1946 368
2370 684 1676
368 837 1676
837 2370 1676
1676 466 368
684 466 1676
702 2128 34
2128 505 34
34 3155 702
629 3155 34
3326 1064 863
1776 1064 3326
3321 2938 1521
3321 1521 1698
1698 3947 3321
58 1174 606
1595 1174 1831
1831 534 1595
191 3920 1595
2426 191 1595
1595 534 2426
889 1573 2120
1697 1172 2120
2120 1573 1697
1711 3264 1431
1172 58 1431
1431 2120 1172
3264 2120 1431
58 606 1431
1431 606 1711
1174 1595 319
319 3264 1711
1711 606 319
319 606 1174
2620 1682 1389
540 2620 1389
1389 3920 540
1389 1682 1503
1389 1595 3920
2938 1682 1616
1616 1682 2436
2498 2938 1616
1616 2436 2498
2095 2566 3173
408 3105 2914
2914 207 408
2155 496 1663
2155 3773 496
1663 1222 2155
2884 2712 3550
3847 2712 2884
3860 3847 2884
2884 2136 3860
3550 2136 2884
2021 201 2730
179 2953 2403
179 197 1720
2403 197 179
1266 2953 179
1720 2492 179
179 2492 1266
1139 268 3961
3961 1556 1139
1556 3522 1139
3522 204 1139
204 268 1139
2632 570 1763
2632 2429 1530
2632 1763 2429
1530 877 2632
877 570 2632
3241 1613 3291
1613 2914 3291
3291 2914 3105
3248 3291 3105
3241 3291 3248
3248 2403 3241
3248 1392 2403
3582 1270 547
547 2371 3582
3835 2371 547
2313 1270 2937
264 1087 1479
1479 2965 264
3499 70 3835
3835 547 3499
582 1894 1557
3466 2417 123
123 3646 40
123 2417 3646
3488 2417 2147
3488 338 2789
2147 338 3488
3646 2417 3488
2400 894 495
495 1899 2400
978 1899 495
2255 2011 2483
2483 1903 2255
2483 792 1903
2118 894 2011
2011 318 2118
3335 3749 2771
2771 1959 3335
366 1710 3209
3209 3865 366
2771 3749 1061
1061 3425 2771
3960 3425 1061
882 3960 1061
3227 882 1061
1061 3749 3227
3960 3523 1312
1312 3425 3960
2789 370 2850
3425 1312 2850
1655 3301 791
1655 2928 408
791 3739 1655
3739 2928 1655
1582 2382 447
1425 3429 1582
3429 2382 1582
401 2882 3962
255 28 3928
3501 747 557
3371 207 724
3028 1654 832
1654 1295 832
2429 2523 832
832 2523 3028
3575 2901 3576
2901 404 3576
3576 404 150
150 1251 3576
1251 3575 3576
2290 1639 574
574 1639 3378
3378 687 574
574 687 3956
15 3410 3932
3444 3798 2178
3618 3238 2557
2557 3238 3820
3820 1233 2557
3914 3618 1806
3914 2391 3618
834 2391 3914
3914 1806 3247
3247 1549 3914
1549 834 3914
575 983 3033
3033 2218 575
575 1408 983
575 3514 3247
575 2218 3514
3247 1806 575
1806 1408 575
3031 2569 1761
3031 3293 2569
1761 2731 3031
3031 2731 1153
1508 2218 3033
1153 2218 1508
1508 3031 1153
1909 663 390
2569 3293 1909
1909 390 2111
2111 3850 1909
3850 2569 1909
738 3944 2443
3944 801 2443
3252 738 2443
2624 603 2685
339 603 2624
2624 2685 1829
1829 339 2624
2648 1779 3008
2816 2199 57
2282 1292 2158
2158 3109 2282
2282 3109 1447
16 603 1523
603 1292 1523
2833 3981 607
2833 607 560
560 2397 2833
560 912 487
487 2397 560
619 1461 16
1361 266 2209
129 266 1361
3008 3036 3122
3036 2982 3122
3129 3122 2982
3008 3122 3129
3129 2648 3008
2199 2648 3129
1524 1361 3769
3769 1361 2209
2184 2949 2384
2384 3109 2184
94 3109 2384
1658 2712 1834
1834 2949 1658
1834 2712 3847
1834 3847 902
1834 2384 2949
902 94 1834
94 2384 1834
1370 3109 3279
1370 3090 3109
3279 1150 1370
1370 1150 681
681 3090 1370
2184 3090 2858
2858 413 2184
2858 3090 1000
1391 413 2858
2858 2873 1391
2858 1000 3507
3507 2873 2858
295 1150 1029
2158 295 1029
1029 2330 2158
1029 1150 3279
3279 2330 1029
1023 1887 3164
1023 1238 1887
3164 2294 1023
2294 46 1023
1023 46 3048
3048 1238 1023
3266 2294 642
3266 46 2294
642 2676 3266
2676 2531 3266
105 3885 3032
3032 2105 105
105 2105 3143
2562 3885 1424
3885 3710 1424
1424 138 2562
1424 3710 347
1424 347 3252
3252 138 1424
3765 3143 2254
2254 426 3765
3765 426 1116
1116 202 3765
202 3885 3765
3765 105 3143
3885 105 3765
403 3289 2251
2251 2323 403
2984 2323 2251
2251 1671 2984
2251 3289 1671
2591 2083 531
2614 3898 2261
2261 3683 905
3683 2800 905
1340 1179 3729
1340 3657 1179
246 2014 3465
246 159 1223
246 3465 159
1223 1963 246
246 1963 3892
2736 2014 615
185 3053 615
615 3053 2736
1349 205 3376
205 1522 3376
1650 1349 3376
3622 1650 1439
1650 3376 1439
1439 3376 1522
2862 705 2472
2472 63 2862
2472 705 3560
935 3624 514
3624 2590 514
514 1056 935
938 1056 514
514 412 938
514 2590 412
1799 2168 1928
1928 3829 1799
262 3422 3823
72 3677 3823
3823 3422 72
1504 2567 3182
1339 2567 1504
3182 918 1504
918 3803 1504
1504 3803 2355
1422 1339 3417
1422 2567 1339
3428 2567 1422
1798 3428 1422
1422 3102 1798
1422 3417 3102
3477 2355 942
942 3818 3477
2357 3468 2312
2312 3468 1507
2312 3725 2357
2312 2722 3725
2312 1507 2328
2328 1229 2312
1229 2722 2312
550 2125 1594
1594 3468 550
1507 3468 1594
1507 1594 3531
3531 1594 2125
2328 1507 3531
3531 2386 2328
685 2854 1194
1194 2660 685
2854 1448 1194
1448 3468 1194
1526 2660 1194
2357 1526 1194
1194 3468 2357
3711 21 3669
3669 21 2780
3669 3919 3711
2780 3919 3669
1750 3577 2301
3577 21 2301
2301 21 3725
2301 2722 1750
3725 2722 2301
3200 149 3907
3200 1578 1100
1100 149 3200
2804 2318 1342
1342 2318 1578
1111 1939 2241
2241 3246 1111
3246 1597 1111
1597 2102 1111
1495 358 1939
1495 2102 358
1939 1111 1495
1495 1111 2102
1953 2299 6
6 1099 2854
2481 1953 6
6 2854 685
685 2481 6
3667 1666 1575
1575 1099 3667
1099 6 3667
2709 2818 2698
2709 3121 1807
1807 1666 2709
2709 2698 307
307 3121 2709
7 554 243
2935 554 7
243 1992 7
7 1992 2935
2783 2818 416
416 554 2783
2818 554 416
2978 2841 3889
2978 3889 3563
3563 2510 2978
2510 2622 2978
1906 2841 273
273 2622 1602
273 2978 2622
2841 2978 273
1825 2543 1588
1758 241 1588
1588 1234 1758
2543 1234 1588
2025 1471 1906
2025 241 1471
2138 1602 1695
1695 3900 2138
1906 273 3083
3083 273 1602
1602 2138 3083
2116 1825 281
281 1176 2116
351 1136 3439
351 1757 1136
443 3900 2284
171 2138 443
443 2138 3900
1926 375 543
1038 375 1926
543 1542 1926
1926 1542 1038
2284 458 2646
2646 458 757
2646 443 2284
2646 757 3419
64 2782 1136
64 2487 2782
1136 1757 64
1757 2487 64
478 3409 3534
2141 1113 411
411 1113 478
797 2141 411
411 3379 3699
1649 901 3681
3681 3806 1649
1649 2642 2885
2885 901 1649
1817 3489 1611
1817 1936 3489
1062 1936 1817
1817 1154 1062
80 2244 3066
3448 2244 80
80 3066 2853
2853 3448 80
1217 3448 2990
1217 2244 3448
1217 2757 128
128 2244 1217
2303 3580 2688
2297 3580 2303
2688 3552 2303
3552 2297 2303
3327 457 2059
2059 2673 3327
457 5 2059
2059 5 1316
1316 2673 2059
2321 3490 1269
1269 2905 2321
715 3490 2321
2321 2905 715
3564 1021 3165
2154 395 3359
3359 270 3350
3359 1904 270
3359 2908 1904
3359 395 2908
2967 2216 3343
3343 2747 2967
2216 2747 3343
486 1147 2163
2163 3569 1322
2163 1147 1267
1267 3569 2163
2163 181 486
2163 1322 3596
3596 2216 2163
2216 181 2163
3867 348 3762
3762 348 1568
3762 2761 3867
1568 2761 3762
968 733 3243
2090 733 968
3243 2437 968
968 2437 2090
13 733 2090
1853 733 13
13 3459 1853
1035 3459 13
2090 2437 13
3273 1216 1694
1694 3696 3273
861 2842 2420
2863 352 2488
2488 746 2863
352 3558 2488
2488 3558 2842
2488 861 746
2842 861 2488
3603 2947 1922
1922 229 3603
3603 991 2947
1031 991 3603
3603 2668 1031
229 2668 3603
2956 3591 3387
3387 3591 107
3387 2192 2956
3387 229 2192
2268 3945 2906
2268 2906 414
1960 1760 2268
2268 2465 1960
414 2465 2268
1314 107 1409
1409 1941 1314
107 1941 1409
1866 3591 3671
3671 3591 2598
2598 3853 3671
943 1760 1960
1332 2838 943
1960 3629 943
943 3629 1332
3172 3945 502
1089 3268 1300
1300 965 1089
1086 1446 1314
1086 958 1446
1314 1941 1086
1086 1941 1866
2994 3346 3685
3685 1947 2994
1947 1346 2994
3118 890 967
967 1459 3118
890 3853 967
2713 1459 967
967 2074 2713
569 2074 793
3431 1430 2067
2067 744 3431
3754 1430 3431
3431 744 1137
3431 108 3754
1137 108 3431
3064 906 1961
3064 1961 3699
744 906 1940
3039 744 1940
906 3064 1940
1940 3851 3039
1940 1070 1449
1449 3851 1940
271 2807 3054
271 1024 2807
271 1311 3177
3177 3884 271
271 3884 325
325 1024 271
3177 1311 1657
2824 2424 2347
869 2824 2347
2034 3211 2347
2347 698 869
2347 3211 698
3094 2898 3142
3142 2214 3094
769 2807 3142
2807 2214 3142
126 1103 290
290 460 126
2423 3775 1057
2452 1462 2453
3775 1462 2452
2452 1497 2048
2048 3775 2452
310 1094 2805
310 835 1094
838 3601 1934
3601 780 1934
2353 460 1934
1934 780 2353
1151 3601 838
838 559 1151
559 835 1151
835 310 1151
1664 780 3202
3202 1059 1664
1664 1059 1532
1664 1532 2353
2353 780 1664
3358 780 590
1908 2324 3802
3802 2975 1908
2101 2975 3802
101 780 3358
101 3358 1330
1330 3464 3369
3369 101 1330
1623 101 3369
223 2266 1232
1232 2266 1592
1592 1848 1232
1232 1848 2939
3719 1848 1592
1592 3204 3719
3719 3204 3525
3719 3525 2764
2764 1848 3719
1553 2396 3440
3440 2808 1553
2643 2808 3440
2881 1571 2068
3277 2866 1849
2866 2605 1849
1849 679 3277
1849 2605 679
2473 3524 960
960 2183 2473
960 3524 1015
1015 2910 960
960 2910 1513
1065 2183 960
1513 2010 960
2388 1065 960
960 2010 2388
971 3437 2374
2374 3199 971
3437 3199 2374
2022 2236 3415
3415 2236 2263
3207 2022 3415
3415 2263 3207
1468 1558 807
3913 1558 1468
2373 3913 1468
667 2373 1468
1468 807 667
2587 3751 2529
2529 3917 2587
3888 1599 2587
2587 3917 3888
1599 1321 3771
3771 1321 18
3771 2587 1599
3751 2587 3771
3771 18 3737
3737 3751 3771
601 988 3971
2829 3297 3971
2703 2829 3971
3971 988 2703
3971 2410 601
3297 2410 3971
1293 3297 2829
3985 291 1293
1293 2829 3985
1293 291 2302
2302 3297 1293
227 2509 2923
2923 2064 227
596 227 1524
2509 227 596
1754 1245 2151
1245 2509 2151
2151 596 1754
2509 596 2151
2491 2071 1175
1175 681 2491
2167 2132 2491
3110 2167 2491
2491 854 2071
2491 2132 854
3360 2451 3011
1437 2451 3360
3360 1823 655
3360 1821 1437
1914 1980 3004
3004 3872 1914
3872 2936 1914
2986 1980 1914
1914 2936 2986
1574 1207 680
680 1952 1574
680 1207 1863
3759 1207 1441
3759 1441 421
1863 1207 3759
421 712 3759
3759 712 2229
3201 2663 3872
175 1429 2721
2744 3963 2745
2745 2126 2744
3963 402 2745
2188 2126 1821
2188 3360 655
1821 3360 2188
1249 2126 2188
655 3983 2188
3983 1249 2188
973 2338 452
973 2701 2338
1833 3916 1702
1705 3916 1833
2193 1705 2650
2650 2332 2193
1705 1833 2650
2650 1833 1702
2650 1702 452
452 2332 2650
3275 300 430
2641 1693 430
430 300 2641
3871 830 2148
2148 773 3871
3149 773 2148
830 1012 2148
1012 3149 2148
3581 2461 3840
2461 966 3840
3840 1974 3581
931 1974 3840
3002 83 1668
3609 83 3002
950 984 3234
3234 2532 573
573 950 3234
1668 2532 3234
3234 984 1668
464 83 3609
292 83 464
3324 3857 2929
2929 292 3324
3324 464 3736
292 464 3324
625 3857 1808
3001 625 1808
1808 1161 3001
2739 1161 1808
1668 83 141
141 83 2630
3954 908 2691
2691 1860 1579
908 1860 2691
673 1277 242
1277 3800 242
1337 673 242
242 2762 1337
242 3800 2762
3841 1244 2409
2409 3991 692
692 3841 2409
2409 695 3991
2409 1244 695
1756 136 768
2023 1756 768
1615 2038 768
2970 1615 768
768 136 2970
2419 3452 1436
1237 3452 2419
1436 296 2419
296 1237 2419
3825 1780 713
3825 713 2343
2343 1490 3825
3825 1490 2793
3825 2793 3049
3049 1780 3825
2527 3349 2407
3349 1367 2407
2407 2843 2527
2868 2843 2407
3473 37 359
359 37 2304
833 174 2839
3939 378 2651
2651 2794 3939
2794 2612 3939
2358 3225 3286
3286 1860 2358
908 3225 2358
2358 1860 908
2752 1079 3640
2752 3640 2946
2946 1181 2752
1184 2044 2187
2875 2946 2320
2320 378 2875
2793 1490 3310
3310 2606 2793
3310 1490 2343
2343 2390 3310
885 2606 3310
3599 885 3310
3310 2390 3599
1007 2946 2875
2875 2779 1007
2946 1007 1130
2981 843 713
713 641 2981
641 2752 2981
2981 2752 1181
3429 2390 1930
2390 843 1930
1930 2382 3429
2699 3469 2080
2080 2382 2699
3581 1974 3339
3339 908 3581
3339 3225 908
147 3661 666
666 2588 147
3225 2588 3130
2187 3286 3130
3286 3225 3130
3130 2588 666
666 1184 3130
3130 1184 2187
2056 1974 931
3225 3339 2056
2056 3339 1974
978 495 3627
3627 495 894
894 3145 3627
985 548 3844
548 848 3844
2594 1672 1879
3956 1142 2594
2594 1142 3077
1088 3854 565
565 3239 1088
565 3854 2738
2738 661 565
565 661 2705
3424 89 3160
3424 3019 1787
1787 89 3424
2540 3239 2913
2913 89 2540
1451 3117 1454
3281 139 1451
139 3223 1451
3223 3117 1451
1451 331 3281
1451 1454 331
2911 3117 3223
3223 3910 2911
2911 3910 3455
704 2843 2868
704 2868 1787
1228 1334 704
1334 2843 704
1787 3019 704
704 3019 1228
3341 1009 1688
1688 1142 3341
800 1142 1688
1688 1009 2917
2917 800 1688
3482 3521 1916
1916 1659 3482
1916 3521 2823
2724 263 3398
3398 1916 2724
1659 1916 3398
3398 3065 817
3398 263 3065
1852 1659 3037
3037 756 1852
3037 1659 817
357 3972 817
1334 3972 357
817 3065 357
3065 2843 357
357 2843 1334
1369 3972 3019
817 3972 1369
963 3037 1369
1369 3037 817
1347 696 2352
2352 1622 1347
2844 3061 2955
2955 2750 2844
2955 1622 2750
3228 2450 1897
2450 1857 1897
1897 1375 3228
1897 1857 1375
233 2401 1020
233 2458 2401
3061 2458 233
233 2955 3061
1622 2955 233
233 1020 1615
1615 1622 233
668 2857 3583
3583 2888 668
2857 2150 3583
2150 1260 3583
2023 3875 2298
2401 2888 2298
2038 2401 2298
2298 3875 2038
3718 3626 195
195 2271 3718
2939 3626 3718
3718 2271 2939
459 1488 84
84 559 1378
1378 559 838
838 1934 1378
1378 1934 460
1378 460 290
1410 2684 2950
1410 92 2345
2345 2684 1410
1291 2531 2676
2676 2287 1291
3552 3878 234
234 2948 1118
608 2948 234
234 3878 608
3423 937 529
529 234 1118
2610 3189 939
2610 939 987
987 811 2610
1258 3189 2943
811 2777 2943
2943 2777 1258
2943 2610 811
3189 2610 2943
1882 1467 1180
1180 3647 1882
1882 3647 1943
2243 1467 1882
3973 2121 1180
2243 999 3896
3896 1467 2243
3195 1467 3896
336 3171 144
3831 2121 1716
3195 3896 3859
852 2269 2414
482 682 567
567 2027 1875
1875 1465 567
567 1465 482
1859 2269 852
852 3453 1859
2269 1859 1082
3453 3055 1082
1082 1859 3453
1727 3055 1478
1727 2296 1875
1875 2027 1727
1727 2784 2296
1478 2784 1727
3533 3396 2637
3396 2831 2637
2637 3815 3533
2831 3815 2637
1074 3538 73
1341 407 956
956 2088 1341
956 3647 2088
407 3385 956
956 3385 3647
2431 285 2662
876 1236 2662
2662 1236 2431
2862 63 1725
354 1656 2008
354 285 1656
354 1725 285
2008 2862 354
2862 1725 354
279 3402 2367
2367 499 279
279 499 3799
3895 3402 279
630 3895 279
3170 3652 3334
3334 279 3799
27 648 3316
3397 648 27
27 650 3397
3316 707 27
707 650 27
2248 1662 630
2248 648 1662
630 220 2248
2248 220 3316
3316 648 2248
519 2633 373
3612 519 373
373 507 3612
2339 507 373
373 2633 2339
740 442 2595
1098 1475 2595
2595 442 1098
471 2563 3450
1374 3096 2046
2046 665 1374
2292 3096 1374
73 3538 3911
3538 665 3911
3911 665 2046
3911 2206 73
2046 2206 3911
2108 1531 3976
2575 1531 2108
2108 2063 2575
2108 61 2063
659 1532 2140
659 1827 1532
1555 1998 659
111 1555 659
2140 913 659
659 913 111
1827 659 135
135 659 1998
1128 3604 2909
1128 2819 3604
1128 2909 3052
3052 2819 1128
2579 1227 2769
2769 1227 1265
1715 2579 2769
2769 623 1715
3231 3046 3190
3231 3276 3046
1265 3276 1632
3276 3231 1632
1632 3231 3190
3190 1566 1632
1632 1566 788
2489 3530 2398
2489 3995 3530
2489 2398 616
616 3995 2489
1107 265 1840
1840 265 1044
1044 2311 1840
1840 2311 3808
1840 3808 3529
3529 1107 1840
45 1534 113
113 389 45
113 451 2544
1534 451 113
3767 389 113
113 2544 3767
3025 1127 1484
1127 3551 1484
3043 3551 2249
2249 1418 3043
2249 3551 143
1927 1418 2249
934 3883 2427
2427 3095 934
2916 3095 2427
2427 1110 2916
3883 1110 2427
2874 2920 1280
23 2874 1280
1280 3208 3612
1280 2920 3208
3612 1276 1280
1276 1709 1280
3782 23 1280
1280 1144 3782
1280 1709 1144
2124 1509 1308
1308 3511 2124
2124 3511 2333
2124 2333 50
50 1509 2124
1560 2375 2020
2375 1403 2020
3700 1560 2020
2020 1144 3700
2020 1403 1144
1811 3139 3643
3139 1606 3643
788 1566 579
3949 788 579
579 2421 3949
3174 3139 579
579 1566 3174
579 3139 1811
1811 2421 579
2034 75 177
177 3211 2034
1178 698 177
698 3211 177
874 3786 1924
2577 2940 1924
1924 1625 2577
1924 3786 1625
1924 725 874
2940 725 1924
3716 1385 3692
1385 3566 3692
3692 3566 1625
1625 3786 3692
3692 2091 3716
3692 3786 2091
3787 3566 1385
3787 1385 3146
3146 35 3787
2369 3566 3787
121 2496 3757
3757 558 121
3653 558 3757
1847 3653 3757
3822 3148 2231
3822 2496 3148
1096 2007 3822
3822 2007 1847
1847 3757 3822
3822 3757 2496
2480 3668 3940
2206 3668 2480
3940 703 2480
703 3815 2480
3481 3653 2626
3481 1902 3653
2626 962 3481
703 1996 3606
2326 158 3606
3606 1996 2326
3940 558 2295
558 1902 2295
2295 3481 962
1902 3481 2295
2810 3584 1876
1876 153 2810
3584 153 1876
2554 1413 2060
2554 3864 2073
2073 1413 2554
2734 3116 822
822 3300 2734
822 3116 1721
1475 3300 822
822 2595 1475
2652 410 3000
3937 1945 3000
3000 1945 875
2619 944 2687
2687 875 2619
2687 3000 875
2652 3000 2687
2687 3086 2652
2687 944 3086
3974 1159 2276
2276 1417 3974
3780 1417 2276
1333 14 2276
2276 587 3780
2276 14 587
3731 3705 1948
3705 864 1948
1948 864 320
320 875 1948
1948 875 3731
90 1713 2476
90 864 1713
2476 3621 90
3621 320 90
320 864 90
3635 153 3795
3795 39 3635
3635 39 2075
1818 2075 2227
2227 528 1818
2075 39 2227
39 528 2227
316 3035 551
3434 479 2644
2644 479 406
771 2759 66
2759 170 66
3075 771 66
66 170 3075
2623 431 1752
1752 431 231
1752 1182 2623
231 1182 1752
3781 88 618
260 3781 618
618 1182 260
3617 410 3086
3086 2265 3617
3617 2265 2160
1494 3722 1680
1680 2017 1494
1494 2017 1517
1517 117 1640
2091 874 1640
1640 117 2091
874 3611 1640
2047 3391 1680
1680 1032 2047
2047 1032 3391
506 3493 2636
2636 760 506
2220 3493 506
506 760 2220
2654 1032 3611
3611 2592 2654
165 1032 2654
2654 3594 3434
2654 2592 3594
2654 753 165
2654 1189 753
3592 3740 3779
3779 2877 3592
3592 2877 3838
3838 2228 3592
2228 3407 3592
40 2615 335
3466 123 335
335 123 40
582 1557 335
335 2615 3539
3539 1732 335
1732 582 335
1765 3191 3215
3215 3181 1765
1765 3068 597
597 3191 1765
1510 2394 1583
1510 3181 2394
1510 2079 2549
2024 3748 1287
1016 3748 306
2468 3748 1016
1016 1477 2468
3006 2615 3796
2615 1477 3796
3796 240 3006
3305 60 424
3968 953 1912
1912 953 385
1912 385 1564
1564 289 1912
137 3305 3709
3305 424 3709
3709 424 289
2200 2406 2171
2200 2479 2406
492 3758 2200
3068 2479 2200
2200 1041 492
2171 1041 2200
2200 3758 4
4 3068 2200
3567 1010 683
683 849 3567
3567 849 1010
2376 849 3156
2376 3156 3203
2469 3828 3776
3776 3311 2469
3828 2856 3776
3203 3156 1958
1958 1587 3203
3156 3240 1958
1958 3240 532
1958 532 3595
3595 1587 1958
49 3979 334
49 334 1014
2474 1420 49
1420 3979 49
3063 3274 3161
3274 803 3161
2534 3608 3161
3161 3608 3063
3161 48 2534
3161 803 48
1190 3623 3923
3623 1540 3923
2115 1190 3923
3136 2115 3923
397 2840 2377
397 1540 2840
2377 1537 397
397 1537 2016
397 2016 3136
3136 3923 397
397 3923 1540
1935 3813 3830
1353 3813 1935
1935 2708 1353
3830 2246 1935
2246 2708 1935
897 3809 2253
2253 505 897
2253 34 505
863 1968 3549
3549 3326 863
1968 3868 3549
3868 3326 3549
2803 3868 1776
1776 3326 2803
2803 3326 3868
2519 2120 3264
889 2120 2519
1503 2938 3140
2938 319 3140
3140 1389 1503
3140 319 1595
1595 1389 3140
3264 319 2093
2093 2519 3264
3321 2519 2093
2938 3321 2093
2093 319 2938
566 2566 3168
566 3173 2566
3168 3550 566
3550 201 566
2106 2095 3253
2095 3173 3253
3253 201 2106
3253 566 201
3173 566 3253
1613 3773 1469
1469 2914 1613
201 2712 941
941 2730 201
2021 2730 941
941 1856 2021
941 2712 1856
2928 1392 678
1392 3248 678
678 3105 2928
678 3248 3105
1270 2313 1464
1464 547 1270
252 547 1464
250 2313 2937
2937 2965 250
2965 1479 250
1528 2313 250
250 1479 1087
250 1087 3406
3406 1528 250
899 547 252
899 3499 547
539 1894 2494
539 1557 1894
2342 1362 539
1362 1557 539
2494 166 539
166 41 539
539 1063 2342
539 41 1063
3846 3627 2045
2045 3627 3145
2011 3724 3827
3827 2483 2011
3827 3724 2702
2702 792 3827
792 2483 3827
1060 3145 894
894 2118 1060
3227 3145 1060
1060 882 3227
1060 318 882
1060 2118 318
3314 3335 1771
3749 3335 3314
3227 3749 3314
3314 3145 3227
1771 2045 3314
3314 2045 3145
652 1959 3962
652 3335 1959
3962 2882 652
1771 3335 652
652 2882 1771
2771 3425 3021
3021 366 3865
3021 3865 3363
3363 1959 3021
3021 1959 2771
781 2850 370
370 3301 781
781 3301 1710
1955 2850 1312
3646 3488 1955
1955 3488 2789
2789 2850 1955
1955 1312 3523
2272 3646 1955
1955 3523 2272
408 3578 216
216 1655 408
216 3578 3209
3209 3301 216
3301 1655 216
3473 359 3092
2790 255 1618
1618 255 3928
2053 1618 3928
1582 1618 2053
1425 1582 2053
2053 1472 1425
2053 3092 1472
2895 28 2131
2131 1959 2895
2790 401 2131
3962 1959 2131
2131 401 3962
2131 255 2790
28 255 2131
207 2914 3987
3987 724 207
1377 724 3987
3254 2107 2069
2069 2107 3371
3371 724 2069
2069 747 3254
1792 1295 1013
1792 832 1295
1013 841 1792
1792 841 2429
2429 832 1792
2290 574 1949
574 15 1949
1949 3932 2290
1949 15 3932
3410 15 3585
3585 15 574
3585 3080 2327
3585 2178 3080
3585 3444 2178
3798 3444 1106
1879 3798 1106
1106 574 3956
1106 2594 1879
3956 2594 1106
1106 3585 574
3444 3585 1106
2795 1078 996
1078 2557 996
996 1363 2795
996 2923 1363
996 2064 2923
2351 2557 1078
2351 749 663
2351 1078 749
3033 983 2958
3293 3031 1255
3031 1508 1255
1255 1909 3293
1255 2958 1909
1255 1508 3033
3033 2958 1255
3561 772 3252
3252 2443 3561
3912 772 3561
3561 801 3912
3561 2443 801
3616 1292 1779
1779 2648 3616
2791 612 3684
3967 612 2791
129 3967 3026
3026 266 129
3967 2791 3026
3026 2791 2816
57 266 3026
3026 2816 57
3133 2282 1576
1576 2282 1447
1576 1447 2748
1360 619 16
3133 619 1360
16 1523 1360
1360 2282 3133
1292 2282 1360
1360 1523 1292
2170 3133 3357
2170 619 3133
3357 487 2170
1461 619 2170
129 1361 826
826 1233 129
2064 1233 826
826 227 2064
826 1361 1524
1524 227 826
2199 3129 1434
57 2199 1434
1434 266 57
2209 266 1434
2122 3129 2982
2122 3769 2209
2982 3769 2122
2209 1434 2122
2122 1434 3129
3497 2982 3036
3497 3769 2982
3497 3036 1025
907 3807 46
46 3266 907
184 3807 907
1719 2083 614
1719 531 2083
614 2413 1719
2413 531 1719
2591 531 2530
3486 3898 3950
3898 2614 3950
1473 2800 2278
1473 905 2800
2848 3704 2614
1772 3474 794
1419 3474 1772
794 2426 1772
2426 415 1772
185 615 2574
2574 615 2014
2574 3560 185
3892 3560 2574
2574 246 3892
2014 246 2574
2568 3893 3622
3622 1439 2568
2568 1522 1692
2568 1439 1522
3560 2880 436
436 2472 3560
436 2880 1158
436 2876 1667
1158 2876 436
1667 412 436
412 63 436
63 2472 436
1748 2168 3365
2168 1799 3365
3365 1799 3829
3829 124 3365
3365 124 1748
2550 1678 262
262 3823 2550
3677 1678 2550
2550 3823 3677
1240 3818 1339
1339 1504 1240
1240 1504 2355
2355 3477 1240
1240 3477 3818
427 2386 2596
2386 3531 2596
2596 3531 2125
2596 2653 427
2596 2125 2653
1578 3200 1166
1166 1342 1578
1166 3200 3907
1166 3907 1355
1166 1355 2804
2804 1342 1166
2299 1992 2993
2993 6 2299
2993 3667 6
243 554 924
924 554 2818
2818 2709 924
924 2709 1666
1481 1588 241
241 2025 1481
2025 3904 1481
2553 2025 1906
1906 3083 2553
2553 2646 3419
3124 2138 171
3124 3083 2138
3124 2553 3083
2646 2553 3124
171 443 3124
443 2646 3124
2116 1176 2517
2517 3439 2116
2517 351 3439
2331 3534 3379
3379 411 2331
478 3534 2331
2331 411 478
797 411 3689
3689 972 797
2478 972 3689
3699 2478 3689
3689 411 3699
1140 1154 2050
2050 1817 1611
1154 1817 2050
2960 3806 1140
1140 2050 2960
2960 2050 1611
1652 1217 2990
2757 1217 1652
1652 2990 1845
1845 2757 1652
1021 799 3546
3546 3165 1021
3546 799 2455
2455 3165 3546
453 3359 3350
2154 3359 453
3350 545 453
453 545 3332
453 3332 3260
3260 2154 453
1519 3559 119
119 13 1519
119 3559 417
417 1035 119
1035 13 119
989 1216 1519
1519 13 989
989 13 2437
2459 991 746
746 861 2459
2947 991 2459
2420 2947 2459
2459 861 2420
2695 3387 107
229 3387 2695
107 2668 2695
2695 2668 229
3945 2268 454
454 2268 1760
454 502 3945
1760 502 454
1839 3853 3197
1839 3671 3853
1866 3671 1839
1839 3268 1866
3197 3268 1839
3600 965 1610
1610 640 3600
3600 640 423
423 640 1812
423 2432 3600
352 2432 423
423 1812 352
2028 3346 2444
3346 2994 2444
1089 958 3613
958 1086 3613
1866 1089 3613
3613 1086 1866
210 3853 2598
210 967 3853
2074 967 210
793 2074 210
210 2956 793
210 2598 2956
2074 569 1326
1326 2169 2713
2713 2074 1326
1699 2169 1326
2189 569 793
793 1867 2189
1699 1326 2189
2189 1326 569
122 1699 2189
2189 1867 122
3699 3379 2289
2289 3064 3699
2289 1940 3064
3793 271 3054
1311 271 3793
3793 3054 635
3366 1657 1311
3366 2424 3177
3177 1657 3366
2898 187 186
186 3142 2898
186 187 769
769 3142 186
2826 2325 2746
2746 3811 2826
2826 3811 2325
2325 3811 1880
1880 2470 2325
3866 2470 1880
2746 3866 1880
1880 3811 2746
3842 3447 3442
3216 1183 3842
3842 1290 3216
3442 1290 3842
1790 3866 627
1790 2470 3866
627 3447 1790
3447 3842 1790
1247 3764 85
1247 3005 3764
434 2325 2264
2325 2470 2264
2264 1143 434
85 1143 2264
2264 1247 85
2470 1247 2264
3672 1103 3702
1103 126 3702
3702 460 2353
3702 126 460
2732 644 2755
2755 1462 2732
1330 644 2732
2732 2423 1330
2732 1462 3775
3775 2423 2732
979 3464 1330
1330 2423 979
2925 310 2805
2805 1497 2925
2453 1151 2925
2925 1151 310
1497 2452 2925
2925 2452 2453
2077 780 3601
2077 590 780
3601 1151 2077
1151 590 2077
1462 644 789
789 590 1151
789 644 3358
3358 590 789
2453 1462 789
789 1151 2453
2101 3802 2690
2690 3802 2324
2324 1623 2690
1623 3369 2690
2537 1623 3202
2537 101 1623
3202 780 2537
780 101 2537
1637 3369 3464
3464 2864 1637
2864 3649 1637
1637 2690 3369
1637 3649 2101
2101 2690 1637
2939 3672 2680
2680 1232 2939
223 1232 2680
1844 2396 947
1844 3440 2396
2643 3440 1844
1844 1067 2643
1844 947 1399
1399 1067 1844
2179 911 2197
2068 911 2179
2179 2881 2068
3572 1571 961
1571 2881 961
1554 3572 961
1559 1554 961
3790 2491 681
612 2491 3790
3684 612 3790
3743 3684 3790
3790 1150 3743
681 1150 3790
2335 3238 3110
2335 1842 3238
2999 3011 765
2999 3360 3011
765 1823 2999
1823 3360 2999
1211 422 3222
422 974 3222
3222 3457 1211
881 680 1863
3565 1429 3038
1429 175 3038
3038 2924 3565
3038 1767 1547
1547 2924 3038
1552 1767 3038
1821 2126 3157
2126 2745 3157
1968 2701 3157
3157 2745 402
3157 3868 1968
3157 402 3868
1895 102 3275
3275 430 1895
1895 430 1693
1895 1693 1885
1885 102 1895
931 3840 1072
1072 3840 1416
1072 302 931
1072 1416 302
1416 3840 1813
1813 3840 966
198 1416 1813
1813 966 198
1668 984 2628
2628 3002 1668
3857 3324 3492
3492 3324 3736
3736 3487 3492
3076 2628 984
3002 2628 3076
3076 984 1242
3076 3487 3736
3609 3002 3076
3076 464 3609
3736 464 3076
3520 1242 2739
3857 3492 3352
3352 3492 3487
2630 2196 762
762 141 2630
762 2196 68
68 804 762
762 804 2532
762 2532 1668
1668 141 762
3262 251 2630
1579 1788 3262
1788 251 3262
634 83 292
2630 83 634
634 3262 2630
2987 3875 2023
2023 768 2987
2038 3875 2987
2987 768 2038
600 2839 2779
600 2779 378
378 3939 600
600 3939 2612
1550 2752 641
1079 2752 1550
1550 641 3953
3953 1860 1550
1550 1860 3286
3286 1079 1550
152 2839 174
2779 2839 152
152 1007 2779
1617 174 3469
3469 1130 1617
1617 152 174
1617 1130 1007
1007 152 1617
843 2981 1784
1784 1130 3469
2946 1130 1784
2382 1930 392
392 2699 2382
392 1930 843
843 1784 392
3469 2699 392
392 1784 3469
3661 147 2032
2032 147 2588
2032 2056 931
2032 2588 3225
3225 2056 2032
931 302 2032
2032 302 3905
595 2886 978
978 3627 595
595 188 2886
2545 920 1049
2080 2545 1049
1049 848 2080
1049 3844 848
1049 920 3844
1672 2594 1708
1708 2594 3077
1708 3077 814
1708 814 697
1708 697 127
127 81 1708
81 1672 1708
3160 89 3496
89 2913 3496
3784 756 3496
855 2911 3455
3317 1454 855
1088 3317 855
855 3455 1088
456 1916 2823
2724 1916 456
456 263 2724
456 2823 2933
2933 263 456
817 1659 3941
3941 3398 817
1659 3398 3941
2500 3496 756
963 3160 2500
3160 3496 2500
3019 3424 3107
3107 1369 3019
3107 3424 3160
3107 3160 963
963 1369 3107
3784 1347 2157
2157 1347 1622
1615 3784 2157
2157 1622 1615
2316 2913 3239
696 1347 2316
2316 1347 3784
2023 2298 3935
3935 156 2023
3935 1375 156
3741 500 1488
1488 459 3741
195 500 3741
3741 2271 195
2271 3741 1008
1008 3741 459
1008 459 84
84 1378 1008
2805 1094 2696
2696 2682 2805
2696 2287 2682
2696 1410 2287
2287 1410 3994
3994 1291 2287
3994 1410 2950
3994 2950 810
3994 810 1944
1944 2531 3994
2531 1291 3994
1239 3423 3296
3296 1118 1239
957 529 937
234 529 957
957 937 3552
3552 234 957
3614 2260 2243
2243 1882 3614
1359 1467 3195
3195 3973 1359
1180 1467 1359
1359 3973 1180
213 158 2015
158 3171 2015
342 3896 999
342 336 144
342 999 213
213 2015 342
342 3859 3896
144 3056 342
3056 3859 342
1890 1082 682
3364 1716 2621
3195 3859 2621
2621 3973 3195
2121 3973 2621
2621 1716 2121
3399 2414 3364
3399 3859 3056
3399 3056 3714
3714 2414 3399
3364 2621 3399
3399 2621 3859
485 1082 3055
485 1727 2027
3055 1727 485
682 1082 485
485 567 682
2027 567 485
3500 3873 1855
1855 2855 3500
1074 2855 1855
3817 3538 1855
3538 1074 1855
1855 3873 1455
1455 3817 1855
876 2662 1220
1220 3799 876
1220 3334 3799
3170 3334 1220
3927 2662 285
285 1725 3927
3170 1220 3927
3927 1220 2662
3927 3652 3170
100 3334 3652
279 3334 100
630 279 100
100 220 630
100 3652 220
2502 2912 1440
2912 203 1440
1440 1455 2502
776 203 2581
776 471 3450
2581 471 776
776 1440 203
2292 1374 739
739 1374 665
739 3817 2292
739 665 3817
223 2680 844
844 2680 3579
433 2512 2516
2512 61 2516
928 2051 433
1271 135 1998
1998 928 1271
1271 928 3579
1271 2680 3672
3579 2680 1271
1827 135 1271
3672 3702 1271
2353 1827 1271
1271 3702 2353
997 3556 623
623 2769 997
997 2769 1265
1304 788 3949
1304 467 3146
3949 467 1304
3146 313 1304
313 3556 1304
3843 1484 3551
3043 1047 3843
3843 3551 3043
3843 1047 3025
3025 1484 3843
143 1976 1352
1352 2249 143
1352 1976 3380
1927 2249 1352
3380 2672 1352
1352 2672 1927
468 1400 1811
1811 3643 468
468 2775 1400
1210 75 635
1210 177 75
1210 635 1178
1178 177 1210
3188 35 2369
2369 3787 3188
3188 3787 35
3040 14 1333
3040 1413 2073
2073 587 3040
587 14 3040
1096 3822 132
132 3822 2231
132 3864 1096
2231 587 132
132 587 2073
2073 3864 132
703 3606 1350
158 998 1350
1350 998 703
1515 1996 3940
3940 2295 1515
1515 2295 962
962 3837 1515
3837 1996 1515
1390 1159 218
1872 3040 1333
1872 1390 2362
1516 1413 1872
1413 3040 1872
977 1965 1516
1333 2276 546
546 2276 1159
1159 1390 546
546 1872 1333
1390 1872 546
2060 153 1226
153 3635 1226
1226 2075 1096
1226 3635 2075
551 2119 2334
2334 316 551
2119 1189 2334
3035 316 350
829 3035 350
3434 2644 350
350 406 829
350 2644 406
88 1182 230
230 618 88
1182 618 230
2160 3929 1076
1076 3617 2160
1076 3929 410
410 3617 1076
1081 1494 1517
1517 1640 1081
3722 1494 1081
3611 3722 1081
1081 1640 3611
3407 116 377
377 3592 3407
377 116 3740
3740 3592 377
3466 335 3367
3367 335 1557
3367 1362 3466
3367 1557 1362
284 1765 3181
284 1510 2549
3181 1510 284
3068 1765 284
2549 2479 284
284 2479 3068
1583 2079 2089
2089 1510 1583
2079 1510 2089
306 3748 3017
3748 2024 3017
3017 55 306
2364 1016 306
1477 1016 2364
1745 2356 3137
2356 240 3137
240 3796 3137
190 1912 289
1564 137 36
137 3709 36
36 289 1564
36 3709 289
1010 849 904
849 2376 904
904 2376 2856
732 1010 904
904 2856 732
1677 3776 2856
1677 2376 3203
2856 2376 1677
3203 1587 1677
1677 1587 1900
1900 3311 1677
3311 3776 1677
3325 49 1014
2474 49 3325
1014 975 3325
1250 2474 3325
3325 975 1250
629 34 3834
34 2253 3834
3834 3809 629
3834 2253 3809
180 3321 3947
180 2519 3321
889 2519 180
180 2902 889
180 3947 2902
2914 1469 1043
3773 2155 1043
1043 1469 3773
860 391 1043
1043 1222 860
1043 2155 1222
2725 899 252
2725 3982 70
2725 1528 3982
70 3499 2725
3499 899 2725
3100 2313 1528
3100 1464 2313
1528 2725 3100
252 1464 3100
3100 2725 252
1771 2882 1348
1348 2045 1771
3846 2045 1348
3766 3021 3425
366 3021 3766
1710 366 3766
3766 781 1710
3425 2850 3766
2850 781 3766
2399 3092 359
2399 359 2304
3475 1582 447
3475 1618 1582
447 548 3475
3475 548 985
2790 1618 3475
3473 3092 1796
3092 2053 1796
1796 2053 3928
1796 3506 3473
1796 3928 3506
17 557 747
747 2069 17
1377 557 17
17 724 1377
17 2069 724
1501 796 3410
3410 3585 1501
3158 796 1501
2327 3158 1501
1501 3585 2327
1101 2557 1233
1101 996 2557
1101 1233 2064
2064 996 1101
2557 2351 2774
3618 2557 2774
1806 3618 2774
663 1909 658
658 2351 663
1909 2958 658
1292 3616 1213
1213 295 2158
2158 1292 1213
2199 2816 1956
2816 2791 1956
1956 2979 2199
2791 2979 1956
3357 3133 2883
3133 1576 2883
2883 2833 2397
2883 487 3357
2397 487 2883
1461 2170 2350
2350 1382 520
520 1461 2350
2350 2170 487
3980 333 2350
2350 333 1382
2350 912 3980
2350 487 912
3769 3497 2835
1754 596 2835
1025 1754 2835
2835 3497 1025
1524 3769 2835
2835 596 1524
581 3266 2531
581 907 3266
581 2531 184
184 907 581
2608 3704 2988
2608 2988 2591
2591 2530 2608
964 3950 2614
3486 3950 964
651 1415 87
651 261 1415
651 3898 3486
3704 2608 2733
2733 2608 2530
1415 261 2733
2733 2413 3879
2733 531 2413
2733 2530 531
2733 3879 87
87 1415 2733
3805 2848 2614
3805 1473 2278
3805 2278 3648
3648 2848 3805
905 1473 3805
3805 2614 2261
2261 905 3805
3704 2848 1734
3768 2988 1734
2988 3704 1734
1734 3648 3768
1734 2848 3648
3657 1340 2689
415 3657 2689
2689 1772 415
1419 1772 2689
3729 1419 2689
2689 1340 3729
243 924 3111
3667 2993 3111
3111 1992 243
3111 2993 1992
1666 3667 1851
1851 924 1666
3667 3111 1851
1851 3111 924
1825 1588 2422
1588 1481 2422
3091 2553 3419
2025 2553 3091
3419 3904 3091
3091 3904 2025
952 2517 1176
952 3904 3419
1176 3904 952
351 2517 952
1757 351 952
952 757 1757
3419 757 952
1084 1649 3806
3806 2960 1084
2642 1649 1084
1084 701 2642
1611 701 1084
1084 2960 1611
3243 675 237
237 2437 3243
237 675 3057
3057 3696 237
3696 1694 237
965 1300 3761
3761 1610 965
2028 2444 1581
2629 2028 1581
1581 1898 2629
1581 2838 1898
1319 2444 2994
1346 1812 1319
1319 2994 1346
1812 640 1319
1760 943 1319
1319 943 2838
640 1610 1319
2838 1581 1319
1319 1581 2444
521 2289 3379
3379 3534 521
1070 1940 521
1940 2289 521
521 3409 1070
521 3534 3409
786 2347 2424
2424 3366 786
786 3366 1311
2034 2347 786
786 75 2034
635 75 786
786 3793 635
1311 3793 786
3005 1247 341
341 1183 3005
341 3842 1183
3958 1790 3842
3842 341 3958
3958 341 1247
2470 1790 3958
3958 1247 2470
783 2864 3464
3464 979 783
1057 2864 783
783 2423 1057
783 979 2423
1559 961 3922
3922 961 2881
2881 2179 3922
3922 2179 2197
1022 1559 3922
3922 2197 1022
1842 2335 224
129 1233 224
224 1233 1842
224 3967 129
2625 2491 612
2625 612 3967
3110 2491 2625
2625 2335 3110
3967 224 2625
2625 224 2335
3457 3222 1123
3548 3457 1123
1123 1920 3548
30 881 1863
1863 3315 30
974 881 438
438 30 914
881 30 438
2721 3051 438
438 175 2721
914 175 438
3663 881 974
3663 974 422
422 1952 3663
1952 680 3663
1863 489 3706
1863 3759 1905
1905 489 1863
2915 3201 3872
2915 3872 3004
2915 3004 1552
1821 3157 2129
452 1821 2129
2129 973 452
2701 973 2129
2129 3157 2701
1999 3076 1242
3487 3076 1999
1242 3520 1999
1999 3352 3487
3520 3352 1999
1275 1808 3857
3857 3352 1275
2739 1808 1275
1275 3520 2739
1275 3352 3520
1854 292 3954
1854 634 292
3954 2691 1854
990 2691 1579
1579 3262 990
3262 634 990
990 1854 2691
634 1854 990
833 2839 2213
2839 600 2213
3844 920 755
920 3707 755
985 3844 755
755 3707 401
755 401 2790
2790 3475 755
755 3475 985
2044 1184 3333
3333 38 2044
2520 38 3333
666 2520 3333
3333 1184 666
2044 38 3237
2946 2044 3237
3237 2320 2946
3237 38 2520
593 2981 1181
593 1784 2981
593 1181 2946
2946 1784 593
188 595 2506
2211 595 3627
3117 2911 613
2911 855 613
1454 3117 613
613 855 1454
756 3037 2233
2233 2500 756
2233 3037 963
963 2500 2233
25 2316 3239
25 565 2705
3239 565 25
2705 696 25
696 2316 25
672 3496 2913
2913 2316 672
3784 3496 672
672 2316 3784
2888 3583 1789
1789 2298 2888
1789 3935 2298
1789 3583 1260
1789 1260 1375
1375 3935 1789
2271 1008 305
305 1008 1378
290 2271 305
305 1378 290
1094 92 3104
3104 2696 1094
92 1410 3104
1410 2696 3104
3423 529 1822
1822 3296 3423
1822 529 1118
1118 3296 1822
3978 1882 1943
3978 3614 1882
1943 2260 3978
2260 3614 3978
336 342 779
779 342 2015
3171 336 779
779 2015 3171
3831 1716 2416
2416 682 3831
2416 1890 682
592 3815 2831
592 2855 3815
3815 2855 1518
2206 2480 1518
1518 2480 3815
73 2206 1518
1735 3652 374
3652 3927 374
374 3927 1725
374 1725 63
374 63 412
374 2511 1735
1687 2511 374
374 2590 1687
412 2590 374
1455 1440 2867
1440 776 2867
2292 3817 2867
2867 3817 1455
2867 776 3450
2867 3096 2292
3450 3096 2867
61 2108 1942
1942 2516 61
1942 2108 3976
1942 844 3579
3976 223 1942
223 844 1942
433 2516 3965
3965 928 433
3579 928 3965
3965 1942 3579
2516 1942 3965
1005 1555 1976
1005 1998 1555
1976 2051 1005
3556 997 3908
3908 997 1265
1085 3643 1606
1085 468 3643
1085 1606 3484
2775 468 1085
1085 3484 3515
3515 2775 1085
3097 3606 158
158 1350 3097
3097 1350 3606
371 3781 3150
371 1836 3781
3150 900 371
3113 900 3150
3113 3150 324
324 2190 3113
2778 940 278
645 516 1516
1516 1965 645
2715 1872 2362
1516 1872 2715
2715 977 1516
410 3929 828
3929 2462 828
828 3000 410
3213 1609 3788
3213 3929 1609
3213 2462 3929
218 1945 2018
2062 1390 218
2362 1390 2062
218 2018 2062
2062 2018 1443
1141 3298 3027
2595 822 1146
740 2595 1146
1721 2563 199
2563 471 199
1598 2554 2060
2060 1226 1598
1598 1226 1096
1096 3864 1598
3864 2554 1598
316 2334 1395
3434 350 1395
1395 350 316
1395 2654 3434
1189 2654 1395
1395 2334 1189
55 3017 2737
2737 792 716
716 3968 2737
3968 55 2737
1903 792 2239
2239 3017 2024
792 2737 2239
2239 2737 3017
1287 1903 2239
2239 2024 1287
306 55 1456
1456 2364 306
3167 424 60
1745 3137 3167
3167 536 1745
3167 60 536
289 424 777
777 190 289
777 424 3968
3968 1912 777
1912 190 777
656 3987 2914
2914 1043 656
1377 3987 656
656 557 1377
3501 557 656
656 391 3501
656 1043 391
2541 1348 2882
2882 401 2541
401 3707 2541
3846 1348 2541
1472 3092 3093
3093 1367 1472
2363 2399 2304
2304 2868 2363
2868 2407 2363
2363 2407 1367
1367 3093 2363
3092 2399 2363
2363 3093 3092
983 1408 3562
2477 2958 983
2477 658 2958
983 3562 2477
2477 3562 2774
2477 2774 2351
2351 658 2477
1590 3616 2648
1590 2648 2199
2199 2979 1590
1590 1213 3616
2280 2979 2791
2280 3684 3743
2280 2791 3684
501 2883 1576
2748 3981 501
501 1576 2748
3981 2833 501
2833 2883 501
1631 651 3486
3486 964 1631
261 651 609
3704 2733 609
609 2733 261
651 1631 609
609 1631 964
2614 3704 609
609 964 2614
2711 1481 3904
2711 2422 1481
1176 281 2711
2711 3904 1176
2711 281 1825
1825 2422 2711
1674 237 1694
1674 1694 1216
1216 989 1674
1674 989 2437
2437 237 1674
1610 3761 3348
1760 1319 3348
3348 1319 1610
764 3761 1300
764 3268 3172
764 1300 3268
764 3348 3761
1760 3348 764
3172 502 764
764 502 1760
1920 1123 3449
3449 1123 3051
3449 3051 2963
3449 2963 2609
2609 1920 3449
1835 438 3051
974 438 1835
1835 3222 974
680 881 866
866 3663 680
881 3663 866
3797 489 2663
2663 3201 3797
3201 3706 3797
3030 3706 3201
3201 2915 3030
3030 2915 3315
3030 3315 1863
1863 3706 3030
489 1905 2611
2663 489 2611
3586 30 3315
3315 2915 3586
3586 2915 1552
1552 3038 3586
3586 3038 175
3586 175 914
914 30 3586
2651 188 976
188 2506 976
976 2794 2651
976 2506 2794
2671 2612 2794
2794 2506 2671
2671 600 2612
2671 2213 600
1121 2506 595
595 2211 1121
1121 2211 3627
3405 2416 1716
1890 2416 3405
3405 1716 3364
3364 2414 3405
3405 2414 2269
2269 1082 3405
1082 1890 3405
3128 592 2831
3396 862 3128
3128 2831 3396
3128 862 3901
2855 592 3128
73 1518 2899
2899 1518 2855
2899 1074 73
2899 2855 1074
585 928 1998
1998 1005 585
2051 928 585
585 1005 2051
3166 1632 788
788 1304 3166
1265 1632 3166
3166 3908 1265
3166 1304 3556
3556 3908 3166
1272 371 900
1428 1836 1272
1836 371 1272
3152 2190 940
3152 3113 2190
3427 1850 1770
1770 1343 3427
1770 278 1343
1770 2778 278
3126 639 2012
639 1327 2012
639 1026 3383
3383 1327 639
1973 1327 3383
3881 3213 3788
322 639 2462
2462 3213 322
1965 977 981
977 1493 2585
2585 981 977
774 981 2585
2585 420 774
1141 3027 1775
2411 1612 1775
516 645 1177
1177 3298 516
1177 3027 3298
3753 2232 3783
870 774 1117
1117 774 1551
3886 1146 822
2279 1146 3886
3886 822 1721
1721 199 3886
1104 2279 2581
1104 1146 2279
2581 203 1104
1104 203 2912
2912 740 1104
740 1146 1104
2306 199 471
2306 471 2581
2581 2279 2306
424 3167 1627
1627 1456 55
2364 1456 1627
1627 55 3968
3968 424 1627
1371 1408 1806
1371 3562 1408
1806 2774 1371
2774 3562 1371
1213 1590 3742
3742 1590 2979
2979 2280 3742
295 1213 3742
3743 295 3742
3742 2280 3743
887 1123 3222
3222 1835 887
3051 1123 887
887 1835 3051
2959 3706 489
489 3797 2959
2959 3797 3706
2229 2611 3590
3590 2611 1905
3590 3759 2229
3590 1905 3759
2506 1121 917
917 3627 3846
917 1121 3627
940 2778 1967
1967 3152 940
2851 2715 2362
2362 2039 2851
977 2715 2851
2851 1493 977
2851 2039 1493
2362 2062 3483
3483 2039 2362
3887 2113 3126
3126 2012 3887
2012 3483 3887
3887 2062 1443
3887 3483 2062
3126 2113 3876
3876 639 3126
2462 639 3876
3876 828 2462
3876 2113 828
828 2113 3948
3937 3000 3948
3000 828 3948
1443 2018 1891
1891 3887 1443
2113 3887 1891
1891 3948 2113
2039 3483 2799
2799 3483 2012
2799 2012 1327
1083 1026 1973
1973 3383 1083
1083 3383 1026
639 322 3345
3345 1026 639
2030 774 870
2030 981 774
870 1965 2030
1965 981 2030
365 3752 1973
365 420 3752
1973 1026 365
3734 2585 1493
3752 420 3734
420 2585 3734
2811 1775 3027
3027 1177 2811
2811 1177 645
503 1612 2411
2411 1117 503
461 3886 199
199 2306 461
2279 3886 461
461 2306 2279
2364 1627 480
480 3796 1477
1477 2364 480
480 1627 3167
480 3137 3796
480 3167 3137
386 2671 2506
2506 917 386
1645 1891 2018
3948 1891 1645
1645 2018 1945
1645 1945 3937
3937 3948 1645
2232 3753 1002
2661 3631 3162
2661 1850 2957
2661 1002 3631
2232 1002 2661
2661 2957 3783
3783 2232 2661
1026 2275 2869
2869 365 1026
1493 2039 211
2039 2799 211
211 3734 1493
2204 1327 1973
2204 2799 1327
1973 3752 2204
2204 211 2799
3752 3734 2204
3734 211 2204
1428 3345 2977
2977 3345 322
322 982 2977
2977 1836 1428
2977 982 1836
2440 2275 1026
1026 3345 2440
2440 3345 1428
1428 1272 2440
1272 2275 2440
522 322 3213
3213 3881 522
3788 88 522
522 3881 3788
522 88 3781
420 365 3755
1551 774 3755
774 420 3755
3755 2869 1551
365 2869 3755
1775 2811 3542
870 1117 3542
3542 1117 2411
1376 645 1965
1376 2811 645
1376 1965 870
870 3542 1376
1376 3542 2811
3307 1967 2778
2778 214 3307
3777 214 2778
2778 1770 3777
3162 214 3777
3777 2661 3162
3777 1770 1850
1850 2661 3777
1724 2275 3162
3162 3631 1724
1724 1002 3753
3631 1002 1724
1235 982 322
322 522 1235
1836 982 1235
3781 1836 1235
1235 522 3781
2411 1775 821
821 3542 2411
1775 3542 821
2559 386 917
2559 2114 386
3707 2114 2559
2559 917 3846
3846 2541 2559
2559 2541 3707
386 2114 2346
2213 2671 2346
2671 386 2346
1967 3307 2415
900 3113 2415
3113 3152 2415
3152 1967 2415
900 2415 1919
1919 1272 900
1919 2275 1272
602 214 3162
602 3307 214
3162 2275 602
2275 1919 602
602 2415 3307
602 1919 2415
249 2869 2275
2275 1724 249
1551 2869 249
1612 503 249
249 3753 1612
249 1724 3753
249 1117 1551
249 503 1117
2213 2346 134
134 2346 2114
833 2213 134
134 2545 833
134 920 2545
134 3707 920
134 2114 3707
